"";"Občine";"Leto";"Število.obsojenih.polnoletnih.in.mladoletnih.oseb"
"1";"SLOVENIJA";2006;"8630"
"2";"SLOVENIJA";2007;"9144"
"3";"SLOVENIJA";2008;"9228"
"4";"SLOVENIJA";2009;"8453"
"5";"SLOVENIJA";2010;"8423"
"6";"SLOVENIJA";2011;"7965"
"7";"SLOVENIJA";2012;"8825"
"8";"SLOVENIJA";2013;"11758"
"9";"SLOVENIJA";2014;"9729"
"10";"SLOVENIJA";2015;"8241"
"11";"SLOVENIJA";2016;"7006"
"12";"Ajdovščina";2016;NA
"13";"Ajdovščina";2006;"53"
"14";"Ajdovščina";2007;"42"
"15";"Ajdovščina";2008;"30"
"16";"Ajdovščina";2009;"27"
"17";"Ajdovščina";2010;"33"
"18";"Ajdovščina";2011;"26"
"19";"Ajdovščina";2012;"56"
"20";"Ajdovščina";2013;"34"
"21";"Ajdovščina";2014;"35"
"22";"Ajdovščina";2015;"30"
"23";"Ajdovščina";2016;"34"
"24";"Ankaran/Ancarano";2016;NA
"25";"Ankaran/Ancarano";2006;NA
"26";"Ankaran/Ancarano";2007;NA
"27";"Ankaran/Ancarano";2008;NA
"28";"Ankaran/Ancarano";2009;NA
"29";"Ankaran/Ancarano";2010;NA
"30";"Ankaran/Ancarano";2011;NA
"31";"Ankaran/Ancarano";2012;NA
"32";"Ankaran/Ancarano";2013;NA
"33";"Ankaran/Ancarano";2014;"z"
"34";"Ankaran/Ancarano";2015;"z"
"35";"Ankaran/Ancarano";2016;"4"
"36";"Apače";2016;NA
"37";"Apače";2006;"0"
"38";"Apače";2007;"12"
"39";"Apače";2008;"19"
"40";"Apače";2009;"23"
"41";"Apače";2010;"21"
"42";"Apače";2011;"19"
"43";"Apače";2012;"18"
"44";"Apače";2013;"19"
"45";"Apače";2014;"18"
"46";"Apače";2015;"20"
"47";"Apače";2016;"15"
"48";"Beltinci";2016;NA
"49";"Beltinci";2006;"44"
"50";"Beltinci";2007;"32"
"51";"Beltinci";2008;"35"
"52";"Beltinci";2009;"25"
"53";"Beltinci";2010;"25"
"54";"Beltinci";2011;"29"
"55";"Beltinci";2012;"50"
"56";"Beltinci";2013;"48"
"57";"Beltinci";2014;"49"
"58";"Beltinci";2015;"43"
"59";"Beltinci";2016;"26"
"60";"Benedikt";2016;NA
"61";"Benedikt";2006;"8"
"62";"Benedikt";2007;"5"
"63";"Benedikt";2008;"13"
"64";"Benedikt";2009;"15"
"65";"Benedikt";2010;"13"
"66";"Benedikt";2011;"13"
"67";"Benedikt";2012;"10"
"68";"Benedikt";2013;"19"
"69";"Benedikt";2014;"6"
"70";"Benedikt";2015;"7"
"71";"Benedikt";2016;"8"
"72";"Bistrica ob Sotli";2016;NA
"73";"Bistrica ob Sotli";2006;"4"
"74";"Bistrica ob Sotli";2007;"z"
"75";"Bistrica ob Sotli";2008;"3"
"76";"Bistrica ob Sotli";2009;"4"
"77";"Bistrica ob Sotli";2010;"z"
"78";"Bistrica ob Sotli";2011;"z"
"79";"Bistrica ob Sotli";2012;"z"
"80";"Bistrica ob Sotli";2013;"0"
"81";"Bistrica ob Sotli";2014;"6"
"82";"Bistrica ob Sotli";2015;"6"
"83";"Bistrica ob Sotli";2016;"z"
"84";"Bled";2016;NA
"85";"Bled";2006;"39"
"86";"Bled";2007;"31"
"87";"Bled";2008;"32"
"88";"Bled";2009;"26"
"89";"Bled";2010;"21"
"90";"Bled";2011;"24"
"91";"Bled";2012;"20"
"92";"Bled";2013;"33"
"93";"Bled";2014;"17"
"94";"Bled";2015;"22"
"95";"Bled";2016;"14"
"96";"Bloke";2016;NA
"97";"Bloke";2006;"z"
"98";"Bloke";2007;"3"
"99";"Bloke";2008;"0"
"100";"Bloke";2009;"z"
"101";"Bloke";2010;"4"
"102";"Bloke";2011;"z"
"103";"Bloke";2012;"z"
"104";"Bloke";2013;"z"
"105";"Bloke";2014;"5"
"106";"Bloke";2015;"z"
"107";"Bloke";2016;"6"
"108";"Bohinj";2016;NA
"109";"Bohinj";2006;"8"
"110";"Bohinj";2007;"13"
"111";"Bohinj";2008;"18"
"112";"Bohinj";2009;"19"
"113";"Bohinj";2010;"7"
"114";"Bohinj";2011;"7"
"115";"Bohinj";2012;"5"
"116";"Bohinj";2013;"5"
"117";"Bohinj";2014;"11"
"118";"Bohinj";2015;"11"
"119";"Bohinj";2016;"3"
"120";"Borovnica";2016;NA
"121";"Borovnica";2006;"13"
"122";"Borovnica";2007;"13"
"123";"Borovnica";2008;"6"
"124";"Borovnica";2009;"9"
"125";"Borovnica";2010;"5"
"126";"Borovnica";2011;"4"
"127";"Borovnica";2012;"4"
"128";"Borovnica";2013;"13"
"129";"Borovnica";2014;"8"
"130";"Borovnica";2015;"18"
"131";"Borovnica";2016;"11"
"132";"Bovec";2016;NA
"133";"Bovec";2006;"4"
"134";"Bovec";2007;"5"
"135";"Bovec";2008;"8"
"136";"Bovec";2009;"z"
"137";"Bovec";2010;"6"
"138";"Bovec";2011;"5"
"139";"Bovec";2012;"7"
"140";"Bovec";2013;"8"
"141";"Bovec";2014;"3"
"142";"Bovec";2015;"9"
"143";"Bovec";2016;"4"
"144";"Braslovče";2016;NA
"145";"Braslovče";2006;"5"
"146";"Braslovče";2007;"3"
"147";"Braslovče";2008;"6"
"148";"Braslovče";2009;"8"
"149";"Braslovče";2010;"7"
"150";"Braslovče";2011;"9"
"151";"Braslovče";2012;"10"
"152";"Braslovče";2013;"13"
"153";"Braslovče";2014;"16"
"154";"Braslovče";2015;"12"
"155";"Braslovče";2016;"10"
"156";"Brda";2016;NA
"157";"Brda";2006;"10"
"158";"Brda";2007;"19"
"159";"Brda";2008;"7"
"160";"Brda";2009;"8"
"161";"Brda";2010;"8"
"162";"Brda";2011;"9"
"163";"Brda";2012;"5"
"164";"Brda";2013;"13"
"165";"Brda";2014;"9"
"166";"Brda";2015;"11"
"167";"Brda";2016;"10"
"168";"Brezovica";2016;NA
"169";"Brezovica";2006;"5"
"170";"Brezovica";2007;"15"
"171";"Brezovica";2008;"11"
"172";"Brezovica";2009;"19"
"173";"Brezovica";2010;"14"
"174";"Brezovica";2011;"18"
"175";"Brezovica";2012;"26"
"176";"Brezovica";2013;"36"
"177";"Brezovica";2014;"27"
"178";"Brezovica";2015;"33"
"179";"Brezovica";2016;"11"
"180";"Brežice";2016;NA
"181";"Brežice";2006;"90"
"182";"Brežice";2007;"141"
"183";"Brežice";2008;"121"
"184";"Brežice";2009;"79"
"185";"Brežice";2010;"74"
"186";"Brežice";2011;"61"
"187";"Brežice";2012;"107"
"188";"Brežice";2013;"103"
"189";"Brežice";2014;"93"
"190";"Brežice";2015;"77"
"191";"Brežice";2016;"58"
"192";"Cankova";2016;NA
"193";"Cankova";2006;"z"
"194";"Cankova";2007;"4"
"195";"Cankova";2008;"4"
"196";"Cankova";2009;"z"
"197";"Cankova";2010;"9"
"198";"Cankova";2011;"5"
"199";"Cankova";2012;"0"
"200";"Cankova";2013;"5"
"201";"Cankova";2014;"7"
"202";"Cankova";2015;"3"
"203";"Cankova";2016;"9"
"204";"Celje";2016;NA
"205";"Celje";2006;"244"
"206";"Celje";2007;"291"
"207";"Celje";2008;"244"
"208";"Celje";2009;"239"
"209";"Celje";2010;"298"
"210";"Celje";2011;"211"
"211";"Celje";2012;"223"
"212";"Celje";2013;"357"
"213";"Celje";2014;"337"
"214";"Celje";2015;"231"
"215";"Celje";2016;"199"
"216";"Cerklje na Gorenjskem";2016;NA
"217";"Cerklje na Gorenjskem";2006;"8"
"218";"Cerklje na Gorenjskem";2007;"8"
"219";"Cerklje na Gorenjskem";2008;"8"
"220";"Cerklje na Gorenjskem";2009;"8"
"221";"Cerklje na Gorenjskem";2010;"10"
"222";"Cerklje na Gorenjskem";2011;"6"
"223";"Cerklje na Gorenjskem";2012;"12"
"224";"Cerklje na Gorenjskem";2013;"11"
"225";"Cerklje na Gorenjskem";2014;"15"
"226";"Cerklje na Gorenjskem";2015;"12"
"227";"Cerklje na Gorenjskem";2016;"13"
"228";"Cerknica";2016;NA
"229";"Cerknica";2006;"29"
"230";"Cerknica";2007;"34"
"231";"Cerknica";2008;"22"
"232";"Cerknica";2009;"29"
"233";"Cerknica";2010;"15"
"234";"Cerknica";2011;"21"
"235";"Cerknica";2012;"24"
"236";"Cerknica";2013;"42"
"237";"Cerknica";2014;"19"
"238";"Cerknica";2015;"31"
"239";"Cerknica";2016;"14"
"240";"Cerkno";2016;NA
"241";"Cerkno";2006;"z"
"242";"Cerkno";2007;"3"
"243";"Cerkno";2008;"5"
"244";"Cerkno";2009;"4"
"245";"Cerkno";2010;"6"
"246";"Cerkno";2011;"6"
"247";"Cerkno";2012;"4"
"248";"Cerkno";2013;"4"
"249";"Cerkno";2014;"8"
"250";"Cerkno";2015;"4"
"251";"Cerkno";2016;"5"
"252";"Cerkvenjak";2016;NA
"253";"Cerkvenjak";2006;"4"
"254";"Cerkvenjak";2007;"8"
"255";"Cerkvenjak";2008;"6"
"256";"Cerkvenjak";2009;"7"
"257";"Cerkvenjak";2010;"6"
"258";"Cerkvenjak";2011;"13"
"259";"Cerkvenjak";2012;"13"
"260";"Cerkvenjak";2013;"12"
"261";"Cerkvenjak";2014;"8"
"262";"Cerkvenjak";2015;"8"
"263";"Cerkvenjak";2016;"6"
"264";"Cirkulane";2016;NA
"265";"Cirkulane";2006;"0"
"266";"Cirkulane";2007;"10"
"267";"Cirkulane";2008;"9"
"268";"Cirkulane";2009;"9"
"269";"Cirkulane";2010;"9"
"270";"Cirkulane";2011;"7"
"271";"Cirkulane";2012;"5"
"272";"Cirkulane";2013;"6"
"273";"Cirkulane";2014;"7"
"274";"Cirkulane";2015;"z"
"275";"Cirkulane";2016;"5"
"276";"Črenšovci";2016;NA
"277";"Črenšovci";2006;"27"
"278";"Črenšovci";2007;"29"
"279";"Črenšovci";2008;"34"
"280";"Črenšovci";2009;"26"
"281";"Črenšovci";2010;"25"
"282";"Črenšovci";2011;"31"
"283";"Črenšovci";2012;"17"
"284";"Črenšovci";2013;"30"
"285";"Črenšovci";2014;"30"
"286";"Črenšovci";2015;"29"
"287";"Črenšovci";2016;"17"
"288";"Črna na Koroškem";2016;NA
"289";"Črna na Koroškem";2006;"15"
"290";"Črna na Koroškem";2007;"11"
"291";"Črna na Koroškem";2008;"8"
"292";"Črna na Koroškem";2009;"6"
"293";"Črna na Koroškem";2010;"18"
"294";"Črna na Koroškem";2011;"13"
"295";"Črna na Koroškem";2012;"12"
"296";"Črna na Koroškem";2013;"21"
"297";"Črna na Koroškem";2014;"13"
"298";"Črna na Koroškem";2015;"5"
"299";"Črna na Koroškem";2016;"6"
"300";"Črnomelj";2016;NA
"301";"Črnomelj";2006;"101"
"302";"Črnomelj";2007;"117"
"303";"Črnomelj";2008;"96"
"304";"Črnomelj";2009;"112"
"305";"Črnomelj";2010;"94"
"306";"Črnomelj";2011;"97"
"307";"Črnomelj";2012;"93"
"308";"Črnomelj";2013;"159"
"309";"Črnomelj";2014;"137"
"310";"Črnomelj";2015;"106"
"311";"Črnomelj";2016;"77"
"312";"Destrnik";2016;NA
"313";"Destrnik";2006;"10"
"314";"Destrnik";2007;"17"
"315";"Destrnik";2008;"13"
"316";"Destrnik";2009;"15"
"317";"Destrnik";2010;"8"
"318";"Destrnik";2011;"8"
"319";"Destrnik";2012;"16"
"320";"Destrnik";2013;"12"
"321";"Destrnik";2014;"10"
"322";"Destrnik";2015;"z"
"323";"Destrnik";2016;"9"
"324";"Divača";2016;NA
"325";"Divača";2006;"10"
"326";"Divača";2007;"6"
"327";"Divača";2008;"16"
"328";"Divača";2009;"9"
"329";"Divača";2010;"10"
"330";"Divača";2011;"3"
"331";"Divača";2012;"13"
"332";"Divača";2013;"14"
"333";"Divača";2014;"20"
"334";"Divača";2015;"14"
"335";"Divača";2016;"13"
"336";"Dobje";2016;NA
"337";"Dobje";2006;"0"
"338";"Dobje";2007;"0"
"339";"Dobje";2008;"0"
"340";"Dobje";2009;"0"
"341";"Dobje";2010;"z"
"342";"Dobje";2011;"z"
"343";"Dobje";2012;"z"
"344";"Dobje";2013;"3"
"345";"Dobje";2014;"z"
"346";"Dobje";2015;"4"
"347";"Dobje";2016;"0"
"348";"Dobrepolje";2016;NA
"349";"Dobrepolje";2006;"z"
"350";"Dobrepolje";2007;"7"
"351";"Dobrepolje";2008;"9"
"352";"Dobrepolje";2009;"12"
"353";"Dobrepolje";2010;"9"
"354";"Dobrepolje";2011;"z"
"355";"Dobrepolje";2012;"z"
"356";"Dobrepolje";2013;"13"
"357";"Dobrepolje";2014;"7"
"358";"Dobrepolje";2015;"8"
"359";"Dobrepolje";2016;"12"
"360";"Dobrna";2016;NA
"361";"Dobrna";2006;"z"
"362";"Dobrna";2007;"4"
"363";"Dobrna";2008;"z"
"364";"Dobrna";2009;"6"
"365";"Dobrna";2010;"10"
"366";"Dobrna";2011;"6"
"367";"Dobrna";2012;"4"
"368";"Dobrna";2013;"7"
"369";"Dobrna";2014;"5"
"370";"Dobrna";2015;"5"
"371";"Dobrna";2016;"7"
"372";"Dobrova - Polhov Gradec";2016;NA
"373";"Dobrova - Polhov Gradec";2006;"z"
"374";"Dobrova - Polhov Gradec";2007;"z"
"375";"Dobrova - Polhov Gradec";2008;"z"
"376";"Dobrova - Polhov Gradec";2009;"6"
"377";"Dobrova - Polhov Gradec";2010;"3"
"378";"Dobrova - Polhov Gradec";2011;"z"
"379";"Dobrova - Polhov Gradec";2012;"8"
"380";"Dobrova - Polhov Gradec";2013;"5"
"381";"Dobrova - Polhov Gradec";2014;"5"
"382";"Dobrova - Polhov Gradec";2015;"10"
"383";"Dobrova - Polhov Gradec";2016;"12"
"384";"Dobrovnik/Dobronak";2016;NA
"385";"Dobrovnik/Dobronak";2006;"5"
"386";"Dobrovnik/Dobronak";2007;"6"
"387";"Dobrovnik/Dobronak";2008;"7"
"388";"Dobrovnik/Dobronak";2009;"3"
"389";"Dobrovnik/Dobronak";2010;"10"
"390";"Dobrovnik/Dobronak";2011;"3"
"391";"Dobrovnik/Dobronak";2012;"3"
"392";"Dobrovnik/Dobronak";2013;"6"
"393";"Dobrovnik/Dobronak";2014;"6"
"394";"Dobrovnik/Dobronak";2015;"z"
"395";"Dobrovnik/Dobronak";2016;"z"
"396";"Dol pri Ljubljani";2016;NA
"397";"Dol pri Ljubljani";2006;"5"
"398";"Dol pri Ljubljani";2007;"10"
"399";"Dol pri Ljubljani";2008;"4"
"400";"Dol pri Ljubljani";2009;"6"
"401";"Dol pri Ljubljani";2010;"14"
"402";"Dol pri Ljubljani";2011;"5"
"403";"Dol pri Ljubljani";2012;"5"
"404";"Dol pri Ljubljani";2013;"12"
"405";"Dol pri Ljubljani";2014;"13"
"406";"Dol pri Ljubljani";2015;"20"
"407";"Dol pri Ljubljani";2016;"10"
"408";"Dolenjske Toplice";2016;NA
"409";"Dolenjske Toplice";2006;"7"
"410";"Dolenjske Toplice";2007;"9"
"411";"Dolenjske Toplice";2008;"12"
"412";"Dolenjske Toplice";2009;"13"
"413";"Dolenjske Toplice";2010;"15"
"414";"Dolenjske Toplice";2011;"8"
"415";"Dolenjske Toplice";2012;"13"
"416";"Dolenjske Toplice";2013;"13"
"417";"Dolenjske Toplice";2014;"9"
"418";"Dolenjske Toplice";2015;"10"
"419";"Dolenjske Toplice";2016;"11"
"420";"Domžale";2016;NA
"421";"Domžale";2006;"112"
"422";"Domžale";2007;"117"
"423";"Domžale";2008;"179"
"424";"Domžale";2009;"93"
"425";"Domžale";2010;"93"
"426";"Domžale";2011;"111"
"427";"Domžale";2012;"111"
"428";"Domžale";2013;"152"
"429";"Domžale";2014;"109"
"430";"Domžale";2015;"99"
"431";"Domžale";2016;"116"
"432";"Dornava";2016;NA
"433";"Dornava";2006;"6"
"434";"Dornava";2007;"8"
"435";"Dornava";2008;"14"
"436";"Dornava";2009;"11"
"437";"Dornava";2010;"10"
"438";"Dornava";2011;"11"
"439";"Dornava";2012;"4"
"440";"Dornava";2013;"17"
"441";"Dornava";2014;"3"
"442";"Dornava";2015;"7"
"443";"Dornava";2016;"12"
"444";"Dravograd";2016;NA
"445";"Dravograd";2006;"42"
"446";"Dravograd";2007;"30"
"447";"Dravograd";2008;"35"
"448";"Dravograd";2009;"49"
"449";"Dravograd";2010;"43"
"450";"Dravograd";2011;"29"
"451";"Dravograd";2012;"34"
"452";"Dravograd";2013;"43"
"453";"Dravograd";2014;"34"
"454";"Dravograd";2015;"23"
"455";"Dravograd";2016;"19"
"456";"Duplek";2016;NA
"457";"Duplek";2006;"17"
"458";"Duplek";2007;"23"
"459";"Duplek";2008;"36"
"460";"Duplek";2009;"30"
"461";"Duplek";2010;"31"
"462";"Duplek";2011;"29"
"463";"Duplek";2012;"28"
"464";"Duplek";2013;"46"
"465";"Duplek";2014;"27"
"466";"Duplek";2015;"33"
"467";"Duplek";2016;"26"
"468";"Gorenja vas - Poljane";2016;NA
"469";"Gorenja vas - Poljane";2006;"11"
"470";"Gorenja vas - Poljane";2007;"9"
"471";"Gorenja vas - Poljane";2008;"6"
"472";"Gorenja vas - Poljane";2009;"6"
"473";"Gorenja vas - Poljane";2010;"z"
"474";"Gorenja vas - Poljane";2011;"5"
"475";"Gorenja vas - Poljane";2012;"z"
"476";"Gorenja vas - Poljane";2013;"7"
"477";"Gorenja vas - Poljane";2014;"14"
"478";"Gorenja vas - Poljane";2015;"13"
"479";"Gorenja vas - Poljane";2016;"7"
"480";"Gorišnica";2016;NA
"481";"Gorišnica";2006;"17"
"482";"Gorišnica";2007;"19"
"483";"Gorišnica";2008;"18"
"484";"Gorišnica";2009;"17"
"485";"Gorišnica";2010;"16"
"486";"Gorišnica";2011;"11"
"487";"Gorišnica";2012;"13"
"488";"Gorišnica";2013;"23"
"489";"Gorišnica";2014;"12"
"490";"Gorišnica";2015;"13"
"491";"Gorišnica";2016;"4"
"492";"Gorje";2016;NA
"493";"Gorje";2006;"0"
"494";"Gorje";2007;"0"
"495";"Gorje";2008;"6"
"496";"Gorje";2009;"4"
"497";"Gorje";2010;"4"
"498";"Gorje";2011;"5"
"499";"Gorje";2012;"4"
"500";"Gorje";2013;"5"
"501";"Gorje";2014;"9"
"502";"Gorje";2015;"6"
"503";"Gorje";2016;"5"
"504";"Gornja Radgona";2016;NA
"505";"Gornja Radgona";2006;"60"
"506";"Gornja Radgona";2007;"57"
"507";"Gornja Radgona";2008;"56"
"508";"Gornja Radgona";2009;"61"
"509";"Gornja Radgona";2010;"56"
"510";"Gornja Radgona";2011;"53"
"511";"Gornja Radgona";2012;"47"
"512";"Gornja Radgona";2013;"41"
"513";"Gornja Radgona";2014;"34"
"514";"Gornja Radgona";2015;"39"
"515";"Gornja Radgona";2016;"39"
"516";"Gornji Grad";2016;NA
"517";"Gornji Grad";2006;"0"
"518";"Gornji Grad";2007;"z"
"519";"Gornji Grad";2008;"z"
"520";"Gornji Grad";2009;"5"
"521";"Gornji Grad";2010;"z"
"522";"Gornji Grad";2011;"0"
"523";"Gornji Grad";2012;"5"
"524";"Gornji Grad";2013;"5"
"525";"Gornji Grad";2014;"5"
"526";"Gornji Grad";2015;"3"
"527";"Gornji Grad";2016;"5"
"528";"Gornji Petrovci";2016;NA
"529";"Gornji Petrovci";2006;"5"
"530";"Gornji Petrovci";2007;"10"
"531";"Gornji Petrovci";2008;"9"
"532";"Gornji Petrovci";2009;"3"
"533";"Gornji Petrovci";2010;"15"
"534";"Gornji Petrovci";2011;"6"
"535";"Gornji Petrovci";2012;"11"
"536";"Gornji Petrovci";2013;"7"
"537";"Gornji Petrovci";2014;"9"
"538";"Gornji Petrovci";2015;"11"
"539";"Gornji Petrovci";2016;"3"
"540";"Grad";2016;NA
"541";"Grad";2006;"10"
"542";"Grad";2007;"7"
"543";"Grad";2008;"6"
"544";"Grad";2009;"3"
"545";"Grad";2010;"5"
"546";"Grad";2011;"4"
"547";"Grad";2012;"5"
"548";"Grad";2013;"7"
"549";"Grad";2014;"0"
"550";"Grad";2015;"3"
"551";"Grad";2016;"5"
"552";"Grosuplje";2016;NA
"553";"Grosuplje";2006;"50"
"554";"Grosuplje";2007;"69"
"555";"Grosuplje";2008;"93"
"556";"Grosuplje";2009;"58"
"557";"Grosuplje";2010;"53"
"558";"Grosuplje";2011;"103"
"559";"Grosuplje";2012;"100"
"560";"Grosuplje";2013;"123"
"561";"Grosuplje";2014;"134"
"562";"Grosuplje";2015;"86"
"563";"Grosuplje";2016;"69"
"564";"Hajdina";2016;NA
"565";"Hajdina";2006;"6"
"566";"Hajdina";2007;"11"
"567";"Hajdina";2008;"26"
"568";"Hajdina";2009;"13"
"569";"Hajdina";2010;"17"
"570";"Hajdina";2011;"16"
"571";"Hajdina";2012;"20"
"572";"Hajdina";2013;"27"
"573";"Hajdina";2014;"15"
"574";"Hajdina";2015;"15"
"575";"Hajdina";2016;"21"
"576";"Hoče - Slivnica";2016;NA
"577";"Hoče - Slivnica";2006;"13"
"578";"Hoče - Slivnica";2007;"19"
"579";"Hoče - Slivnica";2008;"33"
"580";"Hoče - Slivnica";2009;"40"
"581";"Hoče - Slivnica";2010;"38"
"582";"Hoče - Slivnica";2011;"23"
"583";"Hoče - Slivnica";2012;"28"
"584";"Hoče - Slivnica";2013;"39"
"585";"Hoče - Slivnica";2014;"34"
"586";"Hoče - Slivnica";2015;"50"
"587";"Hoče - Slivnica";2016;"51"
"588";"Hodoš/Hodos";2016;NA
"589";"Hodoš/Hodos";2006;"4"
"590";"Hodoš/Hodos";2007;"z"
"591";"Hodoš/Hodos";2008;"7"
"592";"Hodoš/Hodos";2009;"0"
"593";"Hodoš/Hodos";2010;"4"
"594";"Hodoš/Hodos";2011;"0"
"595";"Hodoš/Hodos";2012;"z"
"596";"Hodoš/Hodos";2013;"0"
"597";"Hodoš/Hodos";2014;"0"
"598";"Hodoš/Hodos";2015;"z"
"599";"Hodoš/Hodos";2016;"5"
"600";"Horjul";2016;NA
"601";"Horjul";2006;"z"
"602";"Horjul";2007;"z"
"603";"Horjul";2008;"3"
"604";"Horjul";2009;"3"
"605";"Horjul";2010;"3"
"606";"Horjul";2011;"z"
"607";"Horjul";2012;"z"
"608";"Horjul";2013;"6"
"609";"Horjul";2014;"6"
"610";"Horjul";2015;"6"
"611";"Horjul";2016;"z"
"612";"Hrastnik";2016;NA
"613";"Hrastnik";2006;"21"
"614";"Hrastnik";2007;"44"
"615";"Hrastnik";2008;"60"
"616";"Hrastnik";2009;"42"
"617";"Hrastnik";2010;"56"
"618";"Hrastnik";2011;"29"
"619";"Hrastnik";2012;"32"
"620";"Hrastnik";2013;"46"
"621";"Hrastnik";2014;"39"
"622";"Hrastnik";2015;"23"
"623";"Hrastnik";2016;"22"
"624";"Hrpelje - Kozina";2016;NA
"625";"Hrpelje - Kozina";2006;"10"
"626";"Hrpelje - Kozina";2007;"5"
"627";"Hrpelje - Kozina";2008;"13"
"628";"Hrpelje - Kozina";2009;"17"
"629";"Hrpelje - Kozina";2010;"7"
"630";"Hrpelje - Kozina";2011;"14"
"631";"Hrpelje - Kozina";2012;"12"
"632";"Hrpelje - Kozina";2013;"15"
"633";"Hrpelje - Kozina";2014;"14"
"634";"Hrpelje - Kozina";2015;"18"
"635";"Hrpelje - Kozina";2016;"14"
"636";"Idrija";2016;NA
"637";"Idrija";2006;"16"
"638";"Idrija";2007;"22"
"639";"Idrija";2008;"23"
"640";"Idrija";2009;"10"
"641";"Idrija";2010;"21"
"642";"Idrija";2011;"20"
"643";"Idrija";2012;"21"
"644";"Idrija";2013;"27"
"645";"Idrija";2014;"21"
"646";"Idrija";2015;"18"
"647";"Idrija";2016;"16"
"648";"Ig";2016;NA
"649";"Ig";2006;"17"
"650";"Ig";2007;"20"
"651";"Ig";2008;"30"
"652";"Ig";2009;"16"
"653";"Ig";2010;"23"
"654";"Ig";2011;"18"
"655";"Ig";2012;"17"
"656";"Ig";2013;"36"
"657";"Ig";2014;"19"
"658";"Ig";2015;"24"
"659";"Ig";2016;"13"
"660";"Ilirska Bistrica";2016;NA
"661";"Ilirska Bistrica";2006;"30"
"662";"Ilirska Bistrica";2007;"42"
"663";"Ilirska Bistrica";2008;"45"
"664";"Ilirska Bistrica";2009;"45"
"665";"Ilirska Bistrica";2010;"29"
"666";"Ilirska Bistrica";2011;"52"
"667";"Ilirska Bistrica";2012;"29"
"668";"Ilirska Bistrica";2013;"39"
"669";"Ilirska Bistrica";2014;"37"
"670";"Ilirska Bistrica";2015;"21"
"671";"Ilirska Bistrica";2016;"27"
"672";"Ivančna Gorica";2016;NA
"673";"Ivančna Gorica";2006;"36"
"674";"Ivančna Gorica";2007;"17"
"675";"Ivančna Gorica";2008;"29"
"676";"Ivančna Gorica";2009;"17"
"677";"Ivančna Gorica";2010;"19"
"678";"Ivančna Gorica";2011;"21"
"679";"Ivančna Gorica";2012;"14"
"680";"Ivančna Gorica";2013;"43"
"681";"Ivančna Gorica";2014;"26"
"682";"Ivančna Gorica";2015;"37"
"683";"Ivančna Gorica";2016;"35"
"684";"Izola/Isola";2016;NA
"685";"Izola/Isola";2006;"90"
"686";"Izola/Isola";2007;"83"
"687";"Izola/Isola";2008;"75"
"688";"Izola/Isola";2009;"76"
"689";"Izola/Isola";2010;"74"
"690";"Izola/Isola";2011;"57"
"691";"Izola/Isola";2012;"71"
"692";"Izola/Isola";2013;"108"
"693";"Izola/Isola";2014;"91"
"694";"Izola/Isola";2015;"52"
"695";"Izola/Isola";2016;"45"
"696";"Jesenice";2016;NA
"697";"Jesenice";2006;"147"
"698";"Jesenice";2007;"147"
"699";"Jesenice";2008;"152"
"700";"Jesenice";2009;"100"
"701";"Jesenice";2010;"95"
"702";"Jesenice";2011;"95"
"703";"Jesenice";2012;"102"
"704";"Jesenice";2013;"95"
"705";"Jesenice";2014;"105"
"706";"Jesenice";2015;"59"
"707";"Jesenice";2016;"74"
"708";"Jezersko";2016;NA
"709";"Jezersko";2006;"z"
"710";"Jezersko";2007;"z"
"711";"Jezersko";2008;"z"
"712";"Jezersko";2009;"z"
"713";"Jezersko";2010;"0"
"714";"Jezersko";2011;"z"
"715";"Jezersko";2012;"z"
"716";"Jezersko";2013;"4"
"717";"Jezersko";2014;"0"
"718";"Jezersko";2015;"0"
"719";"Jezersko";2016;"0"
"720";"Juršinci";2016;NA
"721";"Juršinci";2006;"5"
"722";"Juršinci";2007;"8"
"723";"Juršinci";2008;"11"
"724";"Juršinci";2009;"9"
"725";"Juršinci";2010;"10"
"726";"Juršinci";2011;"11"
"727";"Juršinci";2012;"5"
"728";"Juršinci";2013;"8"
"729";"Juršinci";2014;"6"
"730";"Juršinci";2015;"7"
"731";"Juršinci";2016;"10"
"732";"Kamnik";2016;NA
"733";"Kamnik";2006;"125"
"734";"Kamnik";2007;"134"
"735";"Kamnik";2008;"102"
"736";"Kamnik";2009;"72"
"737";"Kamnik";2010;"82"
"738";"Kamnik";2011;"104"
"739";"Kamnik";2012;"85"
"740";"Kamnik";2013;"141"
"741";"Kamnik";2014;"92"
"742";"Kamnik";2015;"96"
"743";"Kamnik";2016;"82"
"744";"Kanal";2016;NA
"745";"Kanal";2006;"11"
"746";"Kanal";2007;"11"
"747";"Kanal";2008;"9"
"748";"Kanal";2009;"12"
"749";"Kanal";2010;"12"
"750";"Kanal";2011;"8"
"751";"Kanal";2012;"8"
"752";"Kanal";2013;"14"
"753";"Kanal";2014;"13"
"754";"Kanal";2015;"14"
"755";"Kanal";2016;"15"
"756";"Kidričevo";2016;NA
"757";"Kidričevo";2006;"16"
"758";"Kidričevo";2007;"24"
"759";"Kidričevo";2008;"25"
"760";"Kidričevo";2009;"14"
"761";"Kidričevo";2010;"27"
"762";"Kidričevo";2011;"23"
"763";"Kidričevo";2012;"27"
"764";"Kidričevo";2013;"35"
"765";"Kidričevo";2014;"21"
"766";"Kidričevo";2015;"20"
"767";"Kidričevo";2016;"26"
"768";"Kobarid";2016;NA
"769";"Kobarid";2006;"7"
"770";"Kobarid";2007;"4"
"771";"Kobarid";2008;"5"
"772";"Kobarid";2009;"5"
"773";"Kobarid";2010;"7"
"774";"Kobarid";2011;"z"
"775";"Kobarid";2012;"3"
"776";"Kobarid";2013;"3"
"777";"Kobarid";2014;"9"
"778";"Kobarid";2015;"6"
"779";"Kobarid";2016;"5"
"780";"Kobilje";2016;NA
"781";"Kobilje";2006;"z"
"782";"Kobilje";2007;"z"
"783";"Kobilje";2008;"3"
"784";"Kobilje";2009;"z"
"785";"Kobilje";2010;"0"
"786";"Kobilje";2011;"0"
"787";"Kobilje";2012;"z"
"788";"Kobilje";2013;"5"
"789";"Kobilje";2014;"3"
"790";"Kobilje";2015;"6"
"791";"Kobilje";2016;"z"
"792";"Kočevje";2016;NA
"793";"Kočevje";2006;"98"
"794";"Kočevje";2007;"82"
"795";"Kočevje";2008;"152"
"796";"Kočevje";2009;"163"
"797";"Kočevje";2010;"178"
"798";"Kočevje";2011;"149"
"799";"Kočevje";2012;"155"
"800";"Kočevje";2013;"195"
"801";"Kočevje";2014;"179"
"802";"Kočevje";2015;"134"
"803";"Kočevje";2016;"147"
"804";"Komen";2016;NA
"805";"Komen";2006;"9"
"806";"Komen";2007;"3"
"807";"Komen";2008;"7"
"808";"Komen";2009;"z"
"809";"Komen";2010;"3"
"810";"Komen";2011;"3"
"811";"Komen";2012;"10"
"812";"Komen";2013;"6"
"813";"Komen";2014;"7"
"814";"Komen";2015;"7"
"815";"Komen";2016;"4"
"816";"Komenda";2016;NA
"817";"Komenda";2006;"4"
"818";"Komenda";2007;"9"
"819";"Komenda";2008;"5"
"820";"Komenda";2009;"14"
"821";"Komenda";2010;"3"
"822";"Komenda";2011;"10"
"823";"Komenda";2012;"6"
"824";"Komenda";2013;"18"
"825";"Komenda";2014;"15"
"826";"Komenda";2015;"11"
"827";"Komenda";2016;"9"
"828";"Koper/Capodistria";2016;NA
"829";"Koper/Capodistria";2006;"275"
"830";"Koper/Capodistria";2007;"244"
"831";"Koper/Capodistria";2008;"238"
"832";"Koper/Capodistria";2009;"218"
"833";"Koper/Capodistria";2010;"217"
"834";"Koper/Capodistria";2011;"186"
"835";"Koper/Capodistria";2012;"278"
"836";"Koper/Capodistria";2013;"343"
"837";"Koper/Capodistria";2014;"270"
"838";"Koper/Capodistria";2015;"219"
"839";"Koper/Capodistria";2016;"183"
"840";"Kostanjevica na Krki";2016;NA
"841";"Kostanjevica na Krki";2006;"0"
"842";"Kostanjevica na Krki";2007;"3"
"843";"Kostanjevica na Krki";2008;"0"
"844";"Kostanjevica na Krki";2009;"4"
"845";"Kostanjevica na Krki";2010;"4"
"846";"Kostanjevica na Krki";2011;"z"
"847";"Kostanjevica na Krki";2012;"10"
"848";"Kostanjevica na Krki";2013;"9"
"849";"Kostanjevica na Krki";2014;"5"
"850";"Kostanjevica na Krki";2015;"5"
"851";"Kostanjevica na Krki";2016;"5"
"852";"Kostel";2016;NA
"853";"Kostel";2006;"z"
"854";"Kostel";2007;"0"
"855";"Kostel";2008;"z"
"856";"Kostel";2009;"z"
"857";"Kostel";2010;"z"
"858";"Kostel";2011;"z"
"859";"Kostel";2012;"4"
"860";"Kostel";2013;"3"
"861";"Kostel";2014;"z"
"862";"Kostel";2015;"z"
"863";"Kostel";2016;"0"
"864";"Kozje";2016;NA
"865";"Kozje";2006;"7"
"866";"Kozje";2007;"6"
"867";"Kozje";2008;"10"
"868";"Kozje";2009;"8"
"869";"Kozje";2010;"3"
"870";"Kozje";2011;"z"
"871";"Kozje";2012;"9"
"872";"Kozje";2013;"5"
"873";"Kozje";2014;"6"
"874";"Kozje";2015;"7"
"875";"Kozje";2016;"7"
"876";"Kranj";2016;NA
"877";"Kranj";2006;"241"
"878";"Kranj";2007;"210"
"879";"Kranj";2008;"150"
"880";"Kranj";2009;"124"
"881";"Kranj";2010;"138"
"882";"Kranj";2011;"134"
"883";"Kranj";2012;"199"
"884";"Kranj";2013;"212"
"885";"Kranj";2014;"212"
"886";"Kranj";2015;"147"
"887";"Kranj";2016;"111"
"888";"Kranjska Gora";2016;NA
"889";"Kranjska Gora";2006;"27"
"890";"Kranjska Gora";2007;"11"
"891";"Kranjska Gora";2008;"15"
"892";"Kranjska Gora";2009;"12"
"893";"Kranjska Gora";2010;"9"
"894";"Kranjska Gora";2011;"11"
"895";"Kranjska Gora";2012;"12"
"896";"Kranjska Gora";2013;"9"
"897";"Kranjska Gora";2014;"13"
"898";"Kranjska Gora";2015;"22"
"899";"Kranjska Gora";2016;"7"
"900";"Križevci";2016;NA
"901";"Križevci";2006;"12"
"902";"Križevci";2007;"4"
"903";"Križevci";2008;"6"
"904";"Križevci";2009;"3"
"905";"Križevci";2010;"5"
"906";"Križevci";2011;"11"
"907";"Križevci";2012;"5"
"908";"Križevci";2013;"8"
"909";"Križevci";2014;"8"
"910";"Križevci";2015;"17"
"911";"Križevci";2016;"8"
"912";"Krško";2016;NA
"913";"Krško";2006;"186"
"914";"Krško";2007;"199"
"915";"Krško";2008;"188"
"916";"Krško";2009;"118"
"917";"Krško";2010;"131"
"918";"Krško";2011;"97"
"919";"Krško";2012;"143"
"920";"Krško";2013;"137"
"921";"Krško";2014;"146"
"922";"Krško";2015;"125"
"923";"Krško";2016;"94"
"924";"Kungota";2016;NA
"925";"Kungota";2006;"11"
"926";"Kungota";2007;"12"
"927";"Kungota";2008;"21"
"928";"Kungota";2009;"19"
"929";"Kungota";2010;"12"
"930";"Kungota";2011;"14"
"931";"Kungota";2012;"15"
"932";"Kungota";2013;"20"
"933";"Kungota";2014;"12"
"934";"Kungota";2015;"19"
"935";"Kungota";2016;"19"
"936";"Kuzma";2016;NA
"937";"Kuzma";2006;"6"
"938";"Kuzma";2007;"5"
"939";"Kuzma";2008;"10"
"940";"Kuzma";2009;"4"
"941";"Kuzma";2010;"3"
"942";"Kuzma";2011;"8"
"943";"Kuzma";2012;"4"
"944";"Kuzma";2013;"9"
"945";"Kuzma";2014;"6"
"946";"Kuzma";2015;"z"
"947";"Kuzma";2016;"3"
"948";"Laško";2016;NA
"949";"Laško";2006;"47"
"950";"Laško";2007;"38"
"951";"Laško";2008;"46"
"952";"Laško";2009;"44"
"953";"Laško";2010;"61"
"954";"Laško";2011;"34"
"955";"Laško";2012;"56"
"956";"Laško";2013;"60"
"957";"Laško";2014;"45"
"958";"Laško";2015;"40"
"959";"Laško";2016;"28"
"960";"Lenart";2016;NA
"961";"Lenart";2006;"64"
"962";"Lenart";2007;"55"
"963";"Lenart";2008;"61"
"964";"Lenart";2009;"53"
"965";"Lenart";2010;"44"
"966";"Lenart";2011;"35"
"967";"Lenart";2012;"54"
"968";"Lenart";2013;"61"
"969";"Lenart";2014;"52"
"970";"Lenart";2015;"27"
"971";"Lenart";2016;"29"
"972";"Lendava/Lendva";2016;NA
"973";"Lendava/Lendva";2006;"74"
"974";"Lendava/Lendva";2007;"64"
"975";"Lendava/Lendva";2008;"74"
"976";"Lendava/Lendva";2009;"62"
"977";"Lendava/Lendva";2010;"82"
"978";"Lendava/Lendva";2011;"69"
"979";"Lendava/Lendva";2012;"71"
"980";"Lendava/Lendva";2013;"88"
"981";"Lendava/Lendva";2014;"65"
"982";"Lendava/Lendva";2015;"57"
"983";"Lendava/Lendva";2016;"40"
"984";"Litija";2016;NA
"985";"Litija";2006;"63"
"986";"Litija";2007;"75"
"987";"Litija";2008;"59"
"988";"Litija";2009;"46"
"989";"Litija";2010;"65"
"990";"Litija";2011;"35"
"991";"Litija";2012;"40"
"992";"Litija";2013;"70"
"993";"Litija";2014;"71"
"994";"Litija";2015;"39"
"995";"Litija";2016;"39"
"996";"Ljubljana";2016;NA
"997";"Ljubljana";2006;"1213"
"998";"Ljubljana";2007;"1158"
"999";"Ljubljana";2008;"1085"
"1000";"Ljubljana";2009;"970"
"1001";"Ljubljana";2010;"959"
"1002";"Ljubljana";2011;"969"
"1003";"Ljubljana";2012;"988"
"1004";"Ljubljana";2013;"1757"
"1005";"Ljubljana";2014;"1323"
"1006";"Ljubljana";2015;"1093"
"1007";"Ljubljana";2016;"932"
"1008";"Ljubno";2016;NA
"1009";"Ljubno";2006;"0"
"1010";"Ljubno";2007;"z"
"1011";"Ljubno";2008;"3"
"1012";"Ljubno";2009;"z"
"1013";"Ljubno";2010;"4"
"1014";"Ljubno";2011;"4"
"1015";"Ljubno";2012;"7"
"1016";"Ljubno";2013;"6"
"1017";"Ljubno";2014;"9"
"1018";"Ljubno";2015;"6"
"1019";"Ljubno";2016;"7"
"1020";"Ljutomer";2016;NA
"1021";"Ljutomer";2006;"79"
"1022";"Ljutomer";2007;"85"
"1023";"Ljutomer";2008;"102"
"1024";"Ljutomer";2009;"79"
"1025";"Ljutomer";2010;"82"
"1026";"Ljutomer";2011;"70"
"1027";"Ljutomer";2012;"88"
"1028";"Ljutomer";2013;"78"
"1029";"Ljutomer";2014;"58"
"1030";"Ljutomer";2015;"33"
"1031";"Ljutomer";2016;"39"
"1032";"Log - Dragomer";2016;NA
"1033";"Log - Dragomer";2006;"0"
"1034";"Log - Dragomer";2007;"z"
"1035";"Log - Dragomer";2008;"4"
"1036";"Log - Dragomer";2009;"z"
"1037";"Log - Dragomer";2010;"z"
"1038";"Log - Dragomer";2011;"z"
"1039";"Log - Dragomer";2012;"z"
"1040";"Log - Dragomer";2013;"10"
"1041";"Log - Dragomer";2014;"4"
"1042";"Log - Dragomer";2015;"7"
"1043";"Log - Dragomer";2016;"7"
"1044";"Logatec";2016;NA
"1045";"Logatec";2006;"29"
"1046";"Logatec";2007;"32"
"1047";"Logatec";2008;"32"
"1048";"Logatec";2009;"18"
"1049";"Logatec";2010;"33"
"1050";"Logatec";2011;"31"
"1051";"Logatec";2012;"17"
"1052";"Logatec";2013;"50"
"1053";"Logatec";2014;"28"
"1054";"Logatec";2015;"28"
"1055";"Logatec";2016;"29"
"1056";"Loška dolina";2016;NA
"1057";"Loška dolina";2006;"7"
"1058";"Loška dolina";2007;"4"
"1059";"Loška dolina";2008;"z"
"1060";"Loška dolina";2009;"7"
"1061";"Loška dolina";2010;"7"
"1062";"Loška dolina";2011;"3"
"1063";"Loška dolina";2012;"3"
"1064";"Loška dolina";2013;"7"
"1065";"Loška dolina";2014;"9"
"1066";"Loška dolina";2015;"5"
"1067";"Loška dolina";2016;"0"
"1068";"Loški Potok";2016;NA
"1069";"Loški Potok";2006;"4"
"1070";"Loški Potok";2007;"z"
"1071";"Loški Potok";2008;"z"
"1072";"Loški Potok";2009;"7"
"1073";"Loški Potok";2010;"4"
"1074";"Loški Potok";2011;"0"
"1075";"Loški Potok";2012;"z"
"1076";"Loški Potok";2013;"6"
"1077";"Loški Potok";2014;"4"
"1078";"Loški Potok";2015;"6"
"1079";"Loški Potok";2016;"8"
"1080";"Lovrenc na Pohorju";2016;NA
"1081";"Lovrenc na Pohorju";2006;"z"
"1082";"Lovrenc na Pohorju";2007;"5"
"1083";"Lovrenc na Pohorju";2008;"10"
"1084";"Lovrenc na Pohorju";2009;"11"
"1085";"Lovrenc na Pohorju";2010;"12"
"1086";"Lovrenc na Pohorju";2011;"10"
"1087";"Lovrenc na Pohorju";2012;"z"
"1088";"Lovrenc na Pohorju";2013;"4"
"1089";"Lovrenc na Pohorju";2014;"9"
"1090";"Lovrenc na Pohorju";2015;"5"
"1091";"Lovrenc na Pohorju";2016;"7"
"1092";"Luče";2016;NA
"1093";"Luče";2006;"0"
"1094";"Luče";2007;"0"
"1095";"Luče";2008;"0"
"1096";"Luče";2009;"0"
"1097";"Luče";2010;"z"
"1098";"Luče";2011;"0"
"1099";"Luče";2012;"0"
"1100";"Luče";2013;"0"
"1101";"Luče";2014;"0"
"1102";"Luče";2015;"z"
"1103";"Luče";2016;"z"
"1104";"Lukovica";2016;NA
"1105";"Lukovica";2006;"8"
"1106";"Lukovica";2007;"15"
"1107";"Lukovica";2008;"22"
"1108";"Lukovica";2009;"9"
"1109";"Lukovica";2010;"8"
"1110";"Lukovica";2011;"4"
"1111";"Lukovica";2012;"13"
"1112";"Lukovica";2013;"20"
"1113";"Lukovica";2014;"3"
"1114";"Lukovica";2015;"18"
"1115";"Lukovica";2016;"13"
"1116";"Majšperk";2016;NA
"1117";"Majšperk";2006;"10"
"1118";"Majšperk";2007;"7"
"1119";"Majšperk";2008;"10"
"1120";"Majšperk";2009;"18"
"1121";"Majšperk";2010;"16"
"1122";"Majšperk";2011;"11"
"1123";"Majšperk";2012;"12"
"1124";"Majšperk";2013;"16"
"1125";"Majšperk";2014;"11"
"1126";"Majšperk";2015;"8"
"1127";"Majšperk";2016;"15"
"1128";"Makole";2016;NA
"1129";"Makole";2006;"0"
"1130";"Makole";2007;"4"
"1131";"Makole";2008;"7"
"1132";"Makole";2009;"9"
"1133";"Makole";2010;"6"
"1134";"Makole";2011;"4"
"1135";"Makole";2012;"4"
"1136";"Makole";2013;"8"
"1137";"Makole";2014;"3"
"1138";"Makole";2015;"7"
"1139";"Makole";2016;"7"
"1140";"Maribor";2016;NA
"1141";"Maribor";2006;"814"
"1142";"Maribor";2007;"776"
"1143";"Maribor";2008;"805"
"1144";"Maribor";2009;"911"
"1145";"Maribor";2010;"794"
"1146";"Maribor";2011;"783"
"1147";"Maribor";2012;"880"
"1148";"Maribor";2013;"972"
"1149";"Maribor";2014;"840"
"1150";"Maribor";2015;"653"
"1151";"Maribor";2016;"555"
"1152";"Markovci";2016;NA
"1153";"Markovci";2006;"12"
"1154";"Markovci";2007;"10"
"1155";"Markovci";2008;"24"
"1156";"Markovci";2009;"11"
"1157";"Markovci";2010;"7"
"1158";"Markovci";2011;"12"
"1159";"Markovci";2012;"8"
"1160";"Markovci";2013;"13"
"1161";"Markovci";2014;"6"
"1162";"Markovci";2015;"22"
"1163";"Markovci";2016;"11"
"1164";"Medvode";2016;NA
"1165";"Medvode";2006;"23"
"1166";"Medvode";2007;"31"
"1167";"Medvode";2008;"38"
"1168";"Medvode";2009;"23"
"1169";"Medvode";2010;"29"
"1170";"Medvode";2011;"30"
"1171";"Medvode";2012;"34"
"1172";"Medvode";2013;"62"
"1173";"Medvode";2014;"38"
"1174";"Medvode";2015;"44"
"1175";"Medvode";2016;"38"
"1176";"Mengeš";2016;NA
"1177";"Mengeš";2006;"20"
"1178";"Mengeš";2007;"19"
"1179";"Mengeš";2008;"23"
"1180";"Mengeš";2009;"12"
"1181";"Mengeš";2010;"21"
"1182";"Mengeš";2011;"15"
"1183";"Mengeš";2012;"10"
"1184";"Mengeš";2013;"23"
"1185";"Mengeš";2014;"19"
"1186";"Mengeš";2015;"17"
"1187";"Mengeš";2016;"15"
"1188";"Metlika";2016;NA
"1189";"Metlika";2006;"35"
"1190";"Metlika";2007;"32"
"1191";"Metlika";2008;"33"
"1192";"Metlika";2009;"33"
"1193";"Metlika";2010;"24"
"1194";"Metlika";2011;"32"
"1195";"Metlika";2012;"33"
"1196";"Metlika";2013;"80"
"1197";"Metlika";2014;"32"
"1198";"Metlika";2015;"43"
"1199";"Metlika";2016;"54"
"1200";"Mežica";2016;NA
"1201";"Mežica";2006;"17"
"1202";"Mežica";2007;"17"
"1203";"Mežica";2008;"18"
"1204";"Mežica";2009;"11"
"1205";"Mežica";2010;"6"
"1206";"Mežica";2011;"8"
"1207";"Mežica";2012;"21"
"1208";"Mežica";2013;"13"
"1209";"Mežica";2014;"6"
"1210";"Mežica";2015;"8"
"1211";"Mežica";2016;"14"
"1212";"Miklavž na Dravskem polju";2016;NA
"1213";"Miklavž na Dravskem polju";2006;"13"
"1214";"Miklavž na Dravskem polju";2007;"20"
"1215";"Miklavž na Dravskem polju";2008;"20"
"1216";"Miklavž na Dravskem polju";2009;"42"
"1217";"Miklavž na Dravskem polju";2010;"27"
"1218";"Miklavž na Dravskem polju";2011;"36"
"1219";"Miklavž na Dravskem polju";2012;"47"
"1220";"Miklavž na Dravskem polju";2013;"57"
"1221";"Miklavž na Dravskem polju";2014;"28"
"1222";"Miklavž na Dravskem polju";2015;"24"
"1223";"Miklavž na Dravskem polju";2016;"15"
"1224";"Miren - Kostanjevica";2016;NA
"1225";"Miren - Kostanjevica";2006;"15"
"1226";"Miren - Kostanjevica";2007;"14"
"1227";"Miren - Kostanjevica";2008;"13"
"1228";"Miren - Kostanjevica";2009;"6"
"1229";"Miren - Kostanjevica";2010;"9"
"1230";"Miren - Kostanjevica";2011;"11"
"1231";"Miren - Kostanjevica";2012;"7"
"1232";"Miren - Kostanjevica";2013;"9"
"1233";"Miren - Kostanjevica";2014;"9"
"1234";"Miren - Kostanjevica";2015;"10"
"1235";"Miren - Kostanjevica";2016;"8"
"1236";"Mirna";2016;NA
"1237";"Mirna";2006;"0"
"1238";"Mirna";2007;"0"
"1239";"Mirna";2008;"0"
"1240";"Mirna";2009;"0"
"1241";"Mirna";2010;"0"
"1242";"Mirna";2011;"0"
"1243";"Mirna";2012;"5"
"1244";"Mirna";2013;"z"
"1245";"Mirna";2014;"7"
"1246";"Mirna";2015;"8"
"1247";"Mirna";2016;"z"
"1248";"Mirna Peč";2016;NA
"1249";"Mirna Peč";2006;"z"
"1250";"Mirna Peč";2007;"6"
"1251";"Mirna Peč";2008;"5"
"1252";"Mirna Peč";2009;"3"
"1253";"Mirna Peč";2010;"3"
"1254";"Mirna Peč";2011;"5"
"1255";"Mirna Peč";2012;"5"
"1256";"Mirna Peč";2013;"8"
"1257";"Mirna Peč";2014;"17"
"1258";"Mirna Peč";2015;"6"
"1259";"Mirna Peč";2016;"9"
"1260";"Mislinja";2016;NA
"1261";"Mislinja";2006;"22"
"1262";"Mislinja";2007;"14"
"1263";"Mislinja";2008;"20"
"1264";"Mislinja";2009;"16"
"1265";"Mislinja";2010;"19"
"1266";"Mislinja";2011;"12"
"1267";"Mislinja";2012;"20"
"1268";"Mislinja";2013;"23"
"1269";"Mislinja";2014;"15"
"1270";"Mislinja";2015;"11"
"1271";"Mislinja";2016;"7"
"1272";"Mokronog - Trebelno";2016;NA
"1273";"Mokronog - Trebelno";2006;"0"
"1274";"Mokronog - Trebelno";2007;"z"
"1275";"Mokronog - Trebelno";2008;"0"
"1276";"Mokronog - Trebelno";2009;"z"
"1277";"Mokronog - Trebelno";2010;"z"
"1278";"Mokronog - Trebelno";2011;"3"
"1279";"Mokronog - Trebelno";2012;"17"
"1280";"Mokronog - Trebelno";2013;"4"
"1281";"Mokronog - Trebelno";2014;"4"
"1282";"Mokronog - Trebelno";2015;"8"
"1283";"Mokronog - Trebelno";2016;"7"
"1284";"Moravče";2016;NA
"1285";"Moravče";2006;"7"
"1286";"Moravče";2007;"11"
"1287";"Moravče";2008;"12"
"1288";"Moravče";2009;"13"
"1289";"Moravče";2010;"4"
"1290";"Moravče";2011;"6"
"1291";"Moravče";2012;"z"
"1292";"Moravče";2013;"11"
"1293";"Moravče";2014;"7"
"1294";"Moravče";2015;"8"
"1295";"Moravče";2016;"6"
"1296";"Moravske Toplice";2016;NA
"1297";"Moravske Toplice";2006;"20"
"1298";"Moravske Toplice";2007;"20"
"1299";"Moravske Toplice";2008;"21"
"1300";"Moravske Toplice";2009;"26"
"1301";"Moravske Toplice";2010;"21"
"1302";"Moravske Toplice";2011;"23"
"1303";"Moravske Toplice";2012;"21"
"1304";"Moravske Toplice";2013;"22"
"1305";"Moravske Toplice";2014;"22"
"1306";"Moravske Toplice";2015;"26"
"1307";"Moravske Toplice";2016;"15"
"1308";"Mozirje";2016;NA
"1309";"Mozirje";2006;"37"
"1310";"Mozirje";2007;"22"
"1311";"Mozirje";2008;"30"
"1312";"Mozirje";2009;"16"
"1313";"Mozirje";2010;"24"
"1314";"Mozirje";2011;"17"
"1315";"Mozirje";2012;"23"
"1316";"Mozirje";2013;"21"
"1317";"Mozirje";2014;"25"
"1318";"Mozirje";2015;"9"
"1319";"Mozirje";2016;"9"
"1320";"Murska Sobota";2016;NA
"1321";"Murska Sobota";2006;"221"
"1322";"Murska Sobota";2007;"288"
"1323";"Murska Sobota";2008;"197"
"1324";"Murska Sobota";2009;"145"
"1325";"Murska Sobota";2010;"112"
"1326";"Murska Sobota";2011;"123"
"1327";"Murska Sobota";2012;"140"
"1328";"Murska Sobota";2013;"170"
"1329";"Murska Sobota";2014;"133"
"1330";"Murska Sobota";2015;"99"
"1331";"Murska Sobota";2016;"114"
"1332";"Muta";2016;NA
"1333";"Muta";2006;"12"
"1334";"Muta";2007;"8"
"1335";"Muta";2008;"20"
"1336";"Muta";2009;"11"
"1337";"Muta";2010;"17"
"1338";"Muta";2011;"10"
"1339";"Muta";2012;"12"
"1340";"Muta";2013;"6"
"1341";"Muta";2014;"11"
"1342";"Muta";2015;"11"
"1343";"Muta";2016;"9"
"1344";"Naklo";2016;NA
"1345";"Naklo";2006;"6"
"1346";"Naklo";2007;"4"
"1347";"Naklo";2008;"8"
"1348";"Naklo";2009;"10"
"1349";"Naklo";2010;"6"
"1350";"Naklo";2011;"7"
"1351";"Naklo";2012;"15"
"1352";"Naklo";2013;"17"
"1353";"Naklo";2014;"11"
"1354";"Naklo";2015;"8"
"1355";"Naklo";2016;"10"
"1356";"Nazarje";2016;NA
"1357";"Nazarje";2006;"4"
"1358";"Nazarje";2007;"7"
"1359";"Nazarje";2008;"0"
"1360";"Nazarje";2009;"9"
"1361";"Nazarje";2010;"6"
"1362";"Nazarje";2011;"4"
"1363";"Nazarje";2012;"3"
"1364";"Nazarje";2013;"3"
"1365";"Nazarje";2014;"8"
"1366";"Nazarje";2015;"7"
"1367";"Nazarje";2016;"7"
"1368";"Nova Gorica";2016;NA
"1369";"Nova Gorica";2006;"120"
"1370";"Nova Gorica";2007;"116"
"1371";"Nova Gorica";2008;"79"
"1372";"Nova Gorica";2009;"82"
"1373";"Nova Gorica";2010;"97"
"1374";"Nova Gorica";2011;"96"
"1375";"Nova Gorica";2012;"94"
"1376";"Nova Gorica";2013;"104"
"1377";"Nova Gorica";2014;"100"
"1378";"Nova Gorica";2015;"72"
"1379";"Nova Gorica";2016;"77"
"1380";"Novo mesto";2016;NA
"1381";"Novo mesto";2006;"242"
"1382";"Novo mesto";2007;"285"
"1383";"Novo mesto";2008;"219"
"1384";"Novo mesto";2009;"211"
"1385";"Novo mesto";2010;"214"
"1386";"Novo mesto";2011;"171"
"1387";"Novo mesto";2012;"236"
"1388";"Novo mesto";2013;"378"
"1389";"Novo mesto";2014;"357"
"1390";"Novo mesto";2015;"265"
"1391";"Novo mesto";2016;"203"
"1392";"Odranci";2016;NA
"1393";"Odranci";2006;"3"
"1394";"Odranci";2007;"6"
"1395";"Odranci";2008;"6"
"1396";"Odranci";2009;"4"
"1397";"Odranci";2010;"11"
"1398";"Odranci";2011;"3"
"1399";"Odranci";2012;"7"
"1400";"Odranci";2013;"5"
"1401";"Odranci";2014;"4"
"1402";"Odranci";2015;"5"
"1403";"Odranci";2016;"3"
"1404";"Oplotnica";2016;NA
"1405";"Oplotnica";2006;"12"
"1406";"Oplotnica";2007;"7"
"1407";"Oplotnica";2008;"9"
"1408";"Oplotnica";2009;"5"
"1409";"Oplotnica";2010;"12"
"1410";"Oplotnica";2011;"11"
"1411";"Oplotnica";2012;"7"
"1412";"Oplotnica";2013;"15"
"1413";"Oplotnica";2014;"9"
"1414";"Oplotnica";2015;"z"
"1415";"Oplotnica";2016;"9"
"1416";"Ormož";2016;NA
"1417";"Ormož";2006;"45"
"1418";"Ormož";2007;"53"
"1419";"Ormož";2008;"50"
"1420";"Ormož";2009;"37"
"1421";"Ormož";2010;"50"
"1422";"Ormož";2011;"46"
"1423";"Ormož";2012;"53"
"1424";"Ormož";2013;"36"
"1425";"Ormož";2014;"21"
"1426";"Ormož";2015;"30"
"1427";"Ormož";2016;"35"
"1428";"Osilnica";2016;NA
"1429";"Osilnica";2006;"z"
"1430";"Osilnica";2007;"0"
"1431";"Osilnica";2008;"3"
"1432";"Osilnica";2009;"z"
"1433";"Osilnica";2010;"3"
"1434";"Osilnica";2011;"0"
"1435";"Osilnica";2012;"z"
"1436";"Osilnica";2013;"0"
"1437";"Osilnica";2014;"z"
"1438";"Osilnica";2015;"0"
"1439";"Osilnica";2016;"z"
"1440";"Pesnica";2016;NA
"1441";"Pesnica";2006;"30"
"1442";"Pesnica";2007;"32"
"1443";"Pesnica";2008;"39"
"1444";"Pesnica";2009;"41"
"1445";"Pesnica";2010;"24"
"1446";"Pesnica";2011;"29"
"1447";"Pesnica";2012;"25"
"1448";"Pesnica";2013;"41"
"1449";"Pesnica";2014;"47"
"1450";"Pesnica";2015;"31"
"1451";"Pesnica";2016;"25"
"1452";"Piran/Pirano";2016;NA
"1453";"Piran/Pirano";2006;"152"
"1454";"Piran/Pirano";2007;"103"
"1455";"Piran/Pirano";2008;"76"
"1456";"Piran/Pirano";2009;"88"
"1457";"Piran/Pirano";2010;"66"
"1458";"Piran/Pirano";2011;"73"
"1459";"Piran/Pirano";2012;"79"
"1460";"Piran/Pirano";2013;"95"
"1461";"Piran/Pirano";2014;"107"
"1462";"Piran/Pirano";2015;"82"
"1463";"Piran/Pirano";2016;"68"
"1464";"Pivka";2016;NA
"1465";"Pivka";2006;"18"
"1466";"Pivka";2007;"9"
"1467";"Pivka";2008;"19"
"1468";"Pivka";2009;"7"
"1469";"Pivka";2010;"26"
"1470";"Pivka";2011;"23"
"1471";"Pivka";2012;"26"
"1472";"Pivka";2013;"29"
"1473";"Pivka";2014;"18"
"1474";"Pivka";2015;"17"
"1475";"Pivka";2016;"8"
"1476";"Podčetrtek";2016;NA
"1477";"Podčetrtek";2006;"6"
"1478";"Podčetrtek";2007;"z"
"1479";"Podčetrtek";2008;"6"
"1480";"Podčetrtek";2009;"8"
"1481";"Podčetrtek";2010;"5"
"1482";"Podčetrtek";2011;"6"
"1483";"Podčetrtek";2012;"6"
"1484";"Podčetrtek";2013;"6"
"1485";"Podčetrtek";2014;"6"
"1486";"Podčetrtek";2015;"z"
"1487";"Podčetrtek";2016;"7"
"1488";"Podlehnik";2016;NA
"1489";"Podlehnik";2006;"8"
"1490";"Podlehnik";2007;"8"
"1491";"Podlehnik";2008;"9"
"1492";"Podlehnik";2009;"8"
"1493";"Podlehnik";2010;"7"
"1494";"Podlehnik";2011;"4"
"1495";"Podlehnik";2012;"5"
"1496";"Podlehnik";2013;"6"
"1497";"Podlehnik";2014;"11"
"1498";"Podlehnik";2015;"7"
"1499";"Podlehnik";2016;"5"
"1500";"Podvelka";2016;NA
"1501";"Podvelka";2006;"7"
"1502";"Podvelka";2007;"14"
"1503";"Podvelka";2008;"14"
"1504";"Podvelka";2009;"11"
"1505";"Podvelka";2010;"15"
"1506";"Podvelka";2011;"13"
"1507";"Podvelka";2012;"11"
"1508";"Podvelka";2013;"10"
"1509";"Podvelka";2014;"6"
"1510";"Podvelka";2015;"7"
"1511";"Podvelka";2016;"5"
"1512";"Poljčane";2016;NA
"1513";"Poljčane";2006;"0"
"1514";"Poljčane";2007;"11"
"1515";"Poljčane";2008;"12"
"1516";"Poljčane";2009;"12"
"1517";"Poljčane";2010;"25"
"1518";"Poljčane";2011;"9"
"1519";"Poljčane";2012;"15"
"1520";"Poljčane";2013;"13"
"1521";"Poljčane";2014;"15"
"1522";"Poljčane";2015;"15"
"1523";"Poljčane";2016;"6"
"1524";"Polzela";2016;NA
"1525";"Polzela";2006;"14"
"1526";"Polzela";2007;"18"
"1527";"Polzela";2008;"21"
"1528";"Polzela";2009;"19"
"1529";"Polzela";2010;"20"
"1530";"Polzela";2011;"15"
"1531";"Polzela";2012;"12"
"1532";"Polzela";2013;"26"
"1533";"Polzela";2014;"28"
"1534";"Polzela";2015;"22"
"1535";"Polzela";2016;"25"
"1536";"Postojna";2016;NA
"1537";"Postojna";2006;"95"
"1538";"Postojna";2007;"73"
"1539";"Postojna";2008;"89"
"1540";"Postojna";2009;"60"
"1541";"Postojna";2010;"80"
"1542";"Postojna";2011;"61"
"1543";"Postojna";2012;"63"
"1544";"Postojna";2013;"75"
"1545";"Postojna";2014;"79"
"1546";"Postojna";2015;"85"
"1547";"Postojna";2016;"47"
"1548";"Prebold";2016;NA
"1549";"Prebold";2006;"10"
"1550";"Prebold";2007;"8"
"1551";"Prebold";2008;"7"
"1552";"Prebold";2009;"11"
"1553";"Prebold";2010;"13"
"1554";"Prebold";2011;"7"
"1555";"Prebold";2012;"13"
"1556";"Prebold";2013;"14"
"1557";"Prebold";2014;"15"
"1558";"Prebold";2015;"12"
"1559";"Prebold";2016;"10"
"1560";"Preddvor";2016;NA
"1561";"Preddvor";2006;"7"
"1562";"Preddvor";2007;"8"
"1563";"Preddvor";2008;"8"
"1564";"Preddvor";2009;"9"
"1565";"Preddvor";2010;"5"
"1566";"Preddvor";2011;"z"
"1567";"Preddvor";2012;"8"
"1568";"Preddvor";2013;"15"
"1569";"Preddvor";2014;"12"
"1570";"Preddvor";2015;"11"
"1571";"Preddvor";2016;"z"
"1572";"Prevalje";2016;NA
"1573";"Prevalje";2006;"31"
"1574";"Prevalje";2007;"16"
"1575";"Prevalje";2008;"26"
"1576";"Prevalje";2009;"22"
"1577";"Prevalje";2010;"15"
"1578";"Prevalje";2011;"32"
"1579";"Prevalje";2012;"27"
"1580";"Prevalje";2013;"30"
"1581";"Prevalje";2014;"22"
"1582";"Prevalje";2015;"20"
"1583";"Prevalje";2016;"21"
"1584";"Ptuj";2016;NA
"1585";"Ptuj";2006;"147"
"1586";"Ptuj";2007;"170"
"1587";"Ptuj";2008;"212"
"1588";"Ptuj";2009;"174"
"1589";"Ptuj";2010;"149"
"1590";"Ptuj";2011;"153"
"1591";"Ptuj";2012;"120"
"1592";"Ptuj";2013;"197"
"1593";"Ptuj";2014;"165"
"1594";"Ptuj";2015;"116"
"1595";"Ptuj";2016;"94"
"1596";"Puconci";2016;NA
"1597";"Puconci";2006;"15"
"1598";"Puconci";2007;"17"
"1599";"Puconci";2008;"24"
"1600";"Puconci";2009;"25"
"1601";"Puconci";2010;"25"
"1602";"Puconci";2011;"18"
"1603";"Puconci";2012;"20"
"1604";"Puconci";2013;"19"
"1605";"Puconci";2014;"22"
"1606";"Puconci";2015;"15"
"1607";"Puconci";2016;"28"
"1608";"Rače - Fram";2016;NA
"1609";"Rače - Fram";2006;"21"
"1610";"Rače - Fram";2007;"19"
"1611";"Rače - Fram";2008;"26"
"1612";"Rače - Fram";2009;"29"
"1613";"Rače - Fram";2010;"21"
"1614";"Rače - Fram";2011;"26"
"1615";"Rače - Fram";2012;"28"
"1616";"Rače - Fram";2013;"15"
"1617";"Rače - Fram";2014;"17"
"1618";"Rače - Fram";2015;"22"
"1619";"Rače - Fram";2016;"20"
"1620";"Radeče";2016;NA
"1621";"Radeče";2006;"4"
"1622";"Radeče";2007;"7"
"1623";"Radeče";2008;"13"
"1624";"Radeče";2009;"10"
"1625";"Radeče";2010;"10"
"1626";"Radeče";2011;"12"
"1627";"Radeče";2012;"9"
"1628";"Radeče";2013;"18"
"1629";"Radeče";2014;"19"
"1630";"Radeče";2015;"15"
"1631";"Radeče";2016;"11"
"1632";"Radenci";2016;NA
"1633";"Radenci";2006;"19"
"1634";"Radenci";2007;"26"
"1635";"Radenci";2008;"22"
"1636";"Radenci";2009;"38"
"1637";"Radenci";2010;"20"
"1638";"Radenci";2011;"25"
"1639";"Radenci";2012;"31"
"1640";"Radenci";2013;"34"
"1641";"Radenci";2014;"15"
"1642";"Radenci";2015;"21"
"1643";"Radenci";2016;"21"
"1644";"Radlje ob Dravi";2016;NA
"1645";"Radlje ob Dravi";2006;"34"
"1646";"Radlje ob Dravi";2007;"22"
"1647";"Radlje ob Dravi";2008;"28"
"1648";"Radlje ob Dravi";2009;"28"
"1649";"Radlje ob Dravi";2010;"21"
"1650";"Radlje ob Dravi";2011;"26"
"1651";"Radlje ob Dravi";2012;"22"
"1652";"Radlje ob Dravi";2013;"41"
"1653";"Radlje ob Dravi";2014;"21"
"1654";"Radlje ob Dravi";2015;"24"
"1655";"Radlje ob Dravi";2016;"15"
"1656";"Radovljica";2016;NA
"1657";"Radovljica";2006;"69"
"1658";"Radovljica";2007;"56"
"1659";"Radovljica";2008;"64"
"1660";"Radovljica";2009;"37"
"1661";"Radovljica";2010;"53"
"1662";"Radovljica";2011;"59"
"1663";"Radovljica";2012;"66"
"1664";"Radovljica";2013;"55"
"1665";"Radovljica";2014;"65"
"1666";"Radovljica";2015;"48"
"1667";"Radovljica";2016;"38"
"1668";"Ravne na Koroškem";2016;NA
"1669";"Ravne na Koroškem";2006;"53"
"1670";"Ravne na Koroškem";2007;"60"
"1671";"Ravne na Koroškem";2008;"61"
"1672";"Ravne na Koroškem";2009;"62"
"1673";"Ravne na Koroškem";2010;"64"
"1674";"Ravne na Koroškem";2011;"59"
"1675";"Ravne na Koroškem";2012;"72"
"1676";"Ravne na Koroškem";2013;"111"
"1677";"Ravne na Koroškem";2014;"42"
"1678";"Ravne na Koroškem";2015;"54"
"1679";"Ravne na Koroškem";2016;"22"
"1680";"Razkrižje";2016;NA
"1681";"Razkrižje";2006;"3"
"1682";"Razkrižje";2007;"z"
"1683";"Razkrižje";2008;"5"
"1684";"Razkrižje";2009;"z"
"1685";"Razkrižje";2010;"0"
"1686";"Razkrižje";2011;"z"
"1687";"Razkrižje";2012;"4"
"1688";"Razkrižje";2013;"z"
"1689";"Razkrižje";2014;"0"
"1690";"Razkrižje";2015;"3"
"1691";"Razkrižje";2016;"z"
"1692";"Rečica ob Savinji";2016;NA
"1693";"Rečica ob Savinji";2006;"0"
"1694";"Rečica ob Savinji";2007;"0"
"1695";"Rečica ob Savinji";2008;"z"
"1696";"Rečica ob Savinji";2009;"0"
"1697";"Rečica ob Savinji";2010;"z"
"1698";"Rečica ob Savinji";2011;"0"
"1699";"Rečica ob Savinji";2012;"z"
"1700";"Rečica ob Savinji";2013;"z"
"1701";"Rečica ob Savinji";2014;"6"
"1702";"Rečica ob Savinji";2015;"5"
"1703";"Rečica ob Savinji";2016;"5"
"1704";"Renče - Vogrsko";2016;NA
"1705";"Renče - Vogrsko";2006;"0"
"1706";"Renče - Vogrsko";2007;"9"
"1707";"Renče - Vogrsko";2008;"14"
"1708";"Renče - Vogrsko";2009;"15"
"1709";"Renče - Vogrsko";2010;"5"
"1710";"Renče - Vogrsko";2011;"15"
"1711";"Renče - Vogrsko";2012;"16"
"1712";"Renče - Vogrsko";2013;"10"
"1713";"Renče - Vogrsko";2014;"9"
"1714";"Renče - Vogrsko";2015;"6"
"1715";"Renče - Vogrsko";2016;"11"
"1716";"Ribnica";2016;NA
"1717";"Ribnica";2006;"42"
"1718";"Ribnica";2007;"52"
"1719";"Ribnica";2008;"50"
"1720";"Ribnica";2009;"55"
"1721";"Ribnica";2010;"31"
"1722";"Ribnica";2011;"69"
"1723";"Ribnica";2012;"51"
"1724";"Ribnica";2013;"84"
"1725";"Ribnica";2014;"54"
"1726";"Ribnica";2015;"55"
"1727";"Ribnica";2016;"43"
"1728";"Ribnica na Pohorju";2016;NA
"1729";"Ribnica na Pohorju";2006;"0"
"1730";"Ribnica na Pohorju";2007;"7"
"1731";"Ribnica na Pohorju";2008;"7"
"1732";"Ribnica na Pohorju";2009;"6"
"1733";"Ribnica na Pohorju";2010;"5"
"1734";"Ribnica na Pohorju";2011;"10"
"1735";"Ribnica na Pohorju";2012;"6"
"1736";"Ribnica na Pohorju";2013;"z"
"1737";"Ribnica na Pohorju";2014;"z"
"1738";"Ribnica na Pohorju";2015;"z"
"1739";"Ribnica na Pohorju";2016;"0"
"1740";"Rogaška Slatina";2016;NA
"1741";"Rogaška Slatina";2006;"40"
"1742";"Rogaška Slatina";2007;"42"
"1743";"Rogaška Slatina";2008;"26"
"1744";"Rogaška Slatina";2009;"31"
"1745";"Rogaška Slatina";2010;"38"
"1746";"Rogaška Slatina";2011;"31"
"1747";"Rogaška Slatina";2012;"52"
"1748";"Rogaška Slatina";2013;"50"
"1749";"Rogaška Slatina";2014;"48"
"1750";"Rogaška Slatina";2015;"23"
"1751";"Rogaška Slatina";2016;"26"
"1752";"Rogašovci";2016;NA
"1753";"Rogašovci";2006;"6"
"1754";"Rogašovci";2007;"16"
"1755";"Rogašovci";2008;"16"
"1756";"Rogašovci";2009;"10"
"1757";"Rogašovci";2010;"13"
"1758";"Rogašovci";2011;"8"
"1759";"Rogašovci";2012;"z"
"1760";"Rogašovci";2013;"15"
"1761";"Rogašovci";2014;"9"
"1762";"Rogašovci";2015;"13"
"1763";"Rogašovci";2016;"13"
"1764";"Rogatec";2016;NA
"1765";"Rogatec";2006;"12"
"1766";"Rogatec";2007;"9"
"1767";"Rogatec";2008;"6"
"1768";"Rogatec";2009;"8"
"1769";"Rogatec";2010;"6"
"1770";"Rogatec";2011;"6"
"1771";"Rogatec";2012;"5"
"1772";"Rogatec";2013;"13"
"1773";"Rogatec";2014;"10"
"1774";"Rogatec";2015;"10"
"1775";"Rogatec";2016;"5"
"1776";"Ruše";2016;NA
"1777";"Ruše";2006;"48"
"1778";"Ruše";2007;"35"
"1779";"Ruše";2008;"43"
"1780";"Ruše";2009;"54"
"1781";"Ruše";2010;"50"
"1782";"Ruše";2011;"54"
"1783";"Ruše";2012;"34"
"1784";"Ruše";2013;"56"
"1785";"Ruše";2014;"43"
"1786";"Ruše";2015;"30"
"1787";"Ruše";2016;"31"
"1788";"Selnica ob Dravi";2016;NA
"1789";"Selnica ob Dravi";2006;"8"
"1790";"Selnica ob Dravi";2007;"13"
"1791";"Selnica ob Dravi";2008;"17"
"1792";"Selnica ob Dravi";2009;"16"
"1793";"Selnica ob Dravi";2010;"15"
"1794";"Selnica ob Dravi";2011;"17"
"1795";"Selnica ob Dravi";2012;"10"
"1796";"Selnica ob Dravi";2013;"21"
"1797";"Selnica ob Dravi";2014;"12"
"1798";"Selnica ob Dravi";2015;"5"
"1799";"Selnica ob Dravi";2016;"19"
"1800";"Semič";2016;NA
"1801";"Semič";2006;"33"
"1802";"Semič";2007;"41"
"1803";"Semič";2008;"23"
"1804";"Semič";2009;"23"
"1805";"Semič";2010;"17"
"1806";"Semič";2011;"51"
"1807";"Semič";2012;"34"
"1808";"Semič";2013;"52"
"1809";"Semič";2014;"41"
"1810";"Semič";2015;"33"
"1811";"Semič";2016;"30"
"1812";"Sevnica";2016;NA
"1813";"Sevnica";2006;"72"
"1814";"Sevnica";2007;"68"
"1815";"Sevnica";2008;"77"
"1816";"Sevnica";2009;"58"
"1817";"Sevnica";2010;"59"
"1818";"Sevnica";2011;"50"
"1819";"Sevnica";2012;"45"
"1820";"Sevnica";2013;"47"
"1821";"Sevnica";2014;"35"
"1822";"Sevnica";2015;"58"
"1823";"Sevnica";2016;"38"
"1824";"Sežana";2016;NA
"1825";"Sežana";2006;"46"
"1826";"Sežana";2007;"23"
"1827";"Sežana";2008;"33"
"1828";"Sežana";2009;"27"
"1829";"Sežana";2010;"34"
"1830";"Sežana";2011;"25"
"1831";"Sežana";2012;"35"
"1832";"Sežana";2013;"42"
"1833";"Sežana";2014;"31"
"1834";"Sežana";2015;"43"
"1835";"Sežana";2016;"31"
"1836";"Slovenj Gradec";2016;NA
"1837";"Slovenj Gradec";2006;"86"
"1838";"Slovenj Gradec";2007;"101"
"1839";"Slovenj Gradec";2008;"74"
"1840";"Slovenj Gradec";2009;"76"
"1841";"Slovenj Gradec";2010;"67"
"1842";"Slovenj Gradec";2011;"69"
"1843";"Slovenj Gradec";2012;"83"
"1844";"Slovenj Gradec";2013;"87"
"1845";"Slovenj Gradec";2014;"61"
"1846";"Slovenj Gradec";2015;"67"
"1847";"Slovenj Gradec";2016;"41"
"1848";"Slovenska Bistrica";2016;NA
"1849";"Slovenska Bistrica";2006;"73"
"1850";"Slovenska Bistrica";2007;"96"
"1851";"Slovenska Bistrica";2008;"128"
"1852";"Slovenska Bistrica";2009;"107"
"1853";"Slovenska Bistrica";2010;"134"
"1854";"Slovenska Bistrica";2011;"100"
"1855";"Slovenska Bistrica";2012;"101"
"1856";"Slovenska Bistrica";2013;"105"
"1857";"Slovenska Bistrica";2014;"123"
"1858";"Slovenska Bistrica";2015;"94"
"1859";"Slovenska Bistrica";2016;"77"
"1860";"Slovenske Konjice";2016;NA
"1861";"Slovenske Konjice";2006;"48"
"1862";"Slovenske Konjice";2007;"60"
"1863";"Slovenske Konjice";2008;"61"
"1864";"Slovenske Konjice";2009;"55"
"1865";"Slovenske Konjice";2010;"68"
"1866";"Slovenske Konjice";2011;"88"
"1867";"Slovenske Konjice";2012;"70"
"1868";"Slovenske Konjice";2013;"90"
"1869";"Slovenske Konjice";2014;"61"
"1870";"Slovenske Konjice";2015;"57"
"1871";"Slovenske Konjice";2016;"43"
"1872";"Sodražica";2016;NA
"1873";"Sodražica";2006;"4"
"1874";"Sodražica";2007;"5"
"1875";"Sodražica";2008;"4"
"1876";"Sodražica";2009;"z"
"1877";"Sodražica";2010;"4"
"1878";"Sodražica";2011;"6"
"1879";"Sodražica";2012;"4"
"1880";"Sodražica";2013;"5"
"1881";"Sodražica";2014;"4"
"1882";"Sodražica";2015;"6"
"1883";"Sodražica";2016;"z"
"1884";"Solčava";2016;NA
"1885";"Solčava";2006;"0"
"1886";"Solčava";2007;"0"
"1887";"Solčava";2008;"0"
"1888";"Solčava";2009;"0"
"1889";"Solčava";2010;"0"
"1890";"Solčava";2011;"0"
"1891";"Solčava";2012;"0"
"1892";"Solčava";2013;"0"
"1893";"Solčava";2014;"0"
"1894";"Solčava";2015;"z"
"1895";"Solčava";2016;"0"
"1896";"Središče ob Dravi";2016;NA
"1897";"Središče ob Dravi";2006;"0"
"1898";"Središče ob Dravi";2007;"3"
"1899";"Središče ob Dravi";2008;"0"
"1900";"Središče ob Dravi";2009;"0"
"1901";"Središče ob Dravi";2010;"z"
"1902";"Središče ob Dravi";2011;"3"
"1903";"Središče ob Dravi";2012;"z"
"1904";"Središče ob Dravi";2013;"z"
"1905";"Središče ob Dravi";2014;"z"
"1906";"Središče ob Dravi";2015;"0"
"1907";"Središče ob Dravi";2016;"5"
"1908";"Starše";2016;NA
"1909";"Starše";2006;"8"
"1910";"Starše";2007;"8"
"1911";"Starše";2008;"12"
"1912";"Starše";2009;"12"
"1913";"Starše";2010;"10"
"1914";"Starše";2011;"15"
"1915";"Starše";2012;"16"
"1916";"Starše";2013;"16"
"1917";"Starše";2014;"10"
"1918";"Starše";2015;"16"
"1919";"Starše";2016;"7"
"1920";"Straža";2016;NA
"1921";"Straža";2006;"0"
"1922";"Straža";2007;"3"
"1923";"Straža";2008;"9"
"1924";"Straža";2009;"13"
"1925";"Straža";2010;"16"
"1926";"Straža";2011;"7"
"1927";"Straža";2012;"14"
"1928";"Straža";2013;"18"
"1929";"Straža";2014;"12"
"1930";"Straža";2015;"16"
"1931";"Straža";2016;"23"
"1932";"Sveta Ana";2016;NA
"1933";"Sveta Ana";2006;"6"
"1934";"Sveta Ana";2007;"3"
"1935";"Sveta Ana";2008;"5"
"1936";"Sveta Ana";2009;"7"
"1937";"Sveta Ana";2010;"6"
"1938";"Sveta Ana";2011;"5"
"1939";"Sveta Ana";2012;"14"
"1940";"Sveta Ana";2013;"6"
"1941";"Sveta Ana";2014;"5"
"1942";"Sveta Ana";2015;"16"
"1943";"Sveta Ana";2016;"6"
"1944";"Sveta Trojica v Slov. goricah";2016;NA
"1945";"Sveta Trojica v Slov. goricah";2006;"0"
"1946";"Sveta Trojica v Slov. goricah";2007;"7"
"1947";"Sveta Trojica v Slov. goricah";2008;"6"
"1948";"Sveta Trojica v Slov. goricah";2009;"4"
"1949";"Sveta Trojica v Slov. goricah";2010;"3"
"1950";"Sveta Trojica v Slov. goricah";2011;"4"
"1951";"Sveta Trojica v Slov. goricah";2012;"7"
"1952";"Sveta Trojica v Slov. goricah";2013;"3"
"1953";"Sveta Trojica v Slov. goricah";2014;"z"
"1954";"Sveta Trojica v Slov. goricah";2015;"6"
"1955";"Sveta Trojica v Slov. goricah";2016;"9"
"1956";"Sveti Andraž v Slov. goricah";2016;NA
"1957";"Sveti Andraž v Slov. goricah";2006;"z"
"1958";"Sveti Andraž v Slov. goricah";2007;"0"
"1959";"Sveti Andraž v Slov. goricah";2008;"z"
"1960";"Sveti Andraž v Slov. goricah";2009;"z"
"1961";"Sveti Andraž v Slov. goricah";2010;"z"
"1962";"Sveti Andraž v Slov. goricah";2011;"z"
"1963";"Sveti Andraž v Slov. goricah";2012;"z"
"1964";"Sveti Andraž v Slov. goricah";2013;"0"
"1965";"Sveti Andraž v Slov. goricah";2014;"z"
"1966";"Sveti Andraž v Slov. goricah";2015;"6"
"1967";"Sveti Andraž v Slov. goricah";2016;"z"
"1968";"Sveti Jurij ob Ščavnici";2016;NA
"1969";"Sveti Jurij ob Ščavnici";2006;"13"
"1970";"Sveti Jurij ob Ščavnici";2007;"9"
"1971";"Sveti Jurij ob Ščavnici";2008;"9"
"1972";"Sveti Jurij ob Ščavnici";2009;"10"
"1973";"Sveti Jurij ob Ščavnici";2010;"9"
"1974";"Sveti Jurij ob Ščavnici";2011;"8"
"1975";"Sveti Jurij ob Ščavnici";2012;"12"
"1976";"Sveti Jurij ob Ščavnici";2013;"16"
"1977";"Sveti Jurij ob Ščavnici";2014;"14"
"1978";"Sveti Jurij ob Ščavnici";2015;"8"
"1979";"Sveti Jurij ob Ščavnici";2016;"12"
"1980";"Sveti Jurij v Slov. goricah";2016;NA
"1981";"Sveti Jurij v Slov. goricah";2006;"0"
"1982";"Sveti Jurij v Slov. goricah";2007;"z"
"1983";"Sveti Jurij v Slov. goricah";2008;"6"
"1984";"Sveti Jurij v Slov. goricah";2009;"8"
"1985";"Sveti Jurij v Slov. goricah";2010;"0"
"1986";"Sveti Jurij v Slov. goricah";2011;"3"
"1987";"Sveti Jurij v Slov. goricah";2012;"3"
"1988";"Sveti Jurij v Slov. goricah";2013;"3"
"1989";"Sveti Jurij v Slov. goricah";2014;"z"
"1990";"Sveti Jurij v Slov. goricah";2015;"z"
"1991";"Sveti Jurij v Slov. goricah";2016;"4"
"1992";"Sveti Tomaž";2016;NA
"1993";"Sveti Tomaž";2006;"0"
"1994";"Sveti Tomaž";2007;"6"
"1995";"Sveti Tomaž";2008;"7"
"1996";"Sveti Tomaž";2009;"4"
"1997";"Sveti Tomaž";2010;"6"
"1998";"Sveti Tomaž";2011;"10"
"1999";"Sveti Tomaž";2012;"8"
"2000";"Sveti Tomaž";2013;"10"
"2001";"Sveti Tomaž";2014;"z"
"2002";"Sveti Tomaž";2015;"6"
"2003";"Sveti Tomaž";2016;"5"
"2004";"Šalovci";2016;NA
"2005";"Šalovci";2006;"z"
"2006";"Šalovci";2007;"12"
"2007";"Šalovci";2008;"8"
"2008";"Šalovci";2009;"7"
"2009";"Šalovci";2010;"5"
"2010";"Šalovci";2011;"5"
"2011";"Šalovci";2012;"7"
"2012";"Šalovci";2013;"4"
"2013";"Šalovci";2014;"7"
"2014";"Šalovci";2015;"z"
"2015";"Šalovci";2016;"7"
"2016";"Šempeter - Vrtojba";2016;NA
"2017";"Šempeter - Vrtojba";2006;"15"
"2018";"Šempeter - Vrtojba";2007;"9"
"2019";"Šempeter - Vrtojba";2008;"14"
"2020";"Šempeter - Vrtojba";2009;"23"
"2021";"Šempeter - Vrtojba";2010;"14"
"2022";"Šempeter - Vrtojba";2011;"18"
"2023";"Šempeter - Vrtojba";2012;"16"
"2024";"Šempeter - Vrtojba";2013;"22"
"2025";"Šempeter - Vrtojba";2014;"11"
"2026";"Šempeter - Vrtojba";2015;"18"
"2027";"Šempeter - Vrtojba";2016;"10"
"2028";"Šenčur";2016;NA
"2029";"Šenčur";2006;"8"
"2030";"Šenčur";2007;"10"
"2031";"Šenčur";2008;"7"
"2032";"Šenčur";2009;"7"
"2033";"Šenčur";2010;"6"
"2034";"Šenčur";2011;"5"
"2035";"Šenčur";2012;"15"
"2036";"Šenčur";2013;"14"
"2037";"Šenčur";2014;"15"
"2038";"Šenčur";2015;"8"
"2039";"Šenčur";2016;"19"
"2040";"Šentilj";2016;NA
"2041";"Šentilj";2006;"17"
"2042";"Šentilj";2007;"32"
"2043";"Šentilj";2008;"36"
"2044";"Šentilj";2009;"57"
"2045";"Šentilj";2010;"39"
"2046";"Šentilj";2011;"29"
"2047";"Šentilj";2012;"32"
"2048";"Šentilj";2013;"37"
"2049";"Šentilj";2014;"29"
"2050";"Šentilj";2015;"31"
"2051";"Šentilj";2016;"30"
"2052";"Šentjernej";2016;NA
"2053";"Šentjernej";2006;"24"
"2054";"Šentjernej";2007;"22"
"2055";"Šentjernej";2008;"28"
"2056";"Šentjernej";2009;"35"
"2057";"Šentjernej";2010;"28"
"2058";"Šentjernej";2011;"33"
"2059";"Šentjernej";2012;"44"
"2060";"Šentjernej";2013;"47"
"2061";"Šentjernej";2014;"35"
"2062";"Šentjernej";2015;"50"
"2063";"Šentjernej";2016;"45"
"2064";"Šentjur";2016;NA
"2065";"Šentjur";2006;"54"
"2066";"Šentjur";2007;"62"
"2067";"Šentjur";2008;"55"
"2068";"Šentjur";2009;"49"
"2069";"Šentjur";2010;"59"
"2070";"Šentjur";2011;"29"
"2071";"Šentjur";2012;"39"
"2072";"Šentjur";2013;"91"
"2073";"Šentjur";2014;"68"
"2074";"Šentjur";2015;"69"
"2075";"Šentjur";2016;"50"
"2076";"Šentrupert";2016;NA
"2077";"Šentrupert";2006;"0"
"2078";"Šentrupert";2007;"z"
"2079";"Šentrupert";2008;"3"
"2080";"Šentrupert";2009;"z"
"2081";"Šentrupert";2010;"z"
"2082";"Šentrupert";2011;"0"
"2083";"Šentrupert";2012;"3"
"2084";"Šentrupert";2013;"5"
"2085";"Šentrupert";2014;"z"
"2086";"Šentrupert";2015;"14"
"2087";"Šentrupert";2016;"10"
"2088";"Škocjan";2016;NA
"2089";"Škocjan";2006;"34"
"2090";"Škocjan";2007;"25"
"2091";"Škocjan";2008;"31"
"2092";"Škocjan";2009;"30"
"2093";"Škocjan";2010;"25"
"2094";"Škocjan";2011;"31"
"2095";"Škocjan";2012;"32"
"2096";"Škocjan";2013;"64"
"2097";"Škocjan";2014;"43"
"2098";"Škocjan";2015;"35"
"2099";"Škocjan";2016;"38"
"2100";"Škofja Loka";2016;NA
"2101";"Škofja Loka";2006;"53"
"2102";"Škofja Loka";2007;"63"
"2103";"Škofja Loka";2008;"57"
"2104";"Škofja Loka";2009;"45"
"2105";"Škofja Loka";2010;"45"
"2106";"Škofja Loka";2011;"46"
"2107";"Škofja Loka";2012;"58"
"2108";"Škofja Loka";2013;"54"
"2109";"Škofja Loka";2014;"72"
"2110";"Škofja Loka";2015;"68"
"2111";"Škofja Loka";2016;"56"
"2112";"Škofljica";2016;NA
"2113";"Škofljica";2006;"6"
"2114";"Škofljica";2007;"15"
"2115";"Škofljica";2008;"19"
"2116";"Škofljica";2009;"16"
"2117";"Škofljica";2010;"17"
"2118";"Škofljica";2011;"15"
"2119";"Škofljica";2012;"23"
"2120";"Škofljica";2013;"23"
"2121";"Škofljica";2014;"26"
"2122";"Škofljica";2015;"26"
"2123";"Škofljica";2016;"25"
"2124";"Šmarje pri Jelšah";2016;NA
"2125";"Šmarje pri Jelšah";2006;"53"
"2126";"Šmarje pri Jelšah";2007;"51"
"2127";"Šmarje pri Jelšah";2008;"58"
"2128";"Šmarje pri Jelšah";2009;"44"
"2129";"Šmarje pri Jelšah";2010;"52"
"2130";"Šmarje pri Jelšah";2011;"27"
"2131";"Šmarje pri Jelšah";2012;"26"
"2132";"Šmarje pri Jelšah";2013;"56"
"2133";"Šmarje pri Jelšah";2014;"37"
"2134";"Šmarje pri Jelšah";2015;"21"
"2135";"Šmarje pri Jelšah";2016;"23"
"2136";"Šmarješke Toplice";2016;NA
"2137";"Šmarješke Toplice";2006;"0"
"2138";"Šmarješke Toplice";2007;"3"
"2139";"Šmarješke Toplice";2008;"6"
"2140";"Šmarješke Toplice";2009;"3"
"2141";"Šmarješke Toplice";2010;"4"
"2142";"Šmarješke Toplice";2011;"8"
"2143";"Šmarješke Toplice";2012;"8"
"2144";"Šmarješke Toplice";2013;"6"
"2145";"Šmarješke Toplice";2014;"4"
"2146";"Šmarješke Toplice";2015;"4"
"2147";"Šmarješke Toplice";2016;"6"
"2148";"Šmartno ob Paki";2016;NA
"2149";"Šmartno ob Paki";2006;"3"
"2150";"Šmartno ob Paki";2007;"9"
"2151";"Šmartno ob Paki";2008;"7"
"2152";"Šmartno ob Paki";2009;"10"
"2153";"Šmartno ob Paki";2010;"6"
"2154";"Šmartno ob Paki";2011;"5"
"2155";"Šmartno ob Paki";2012;"12"
"2156";"Šmartno ob Paki";2013;"12"
"2157";"Šmartno ob Paki";2014;"10"
"2158";"Šmartno ob Paki";2015;"15"
"2159";"Šmartno ob Paki";2016;"13"
"2160";"Šmartno pri Litiji";2016;NA
"2161";"Šmartno pri Litiji";2006;"z"
"2162";"Šmartno pri Litiji";2007;"12"
"2163";"Šmartno pri Litiji";2008;"10"
"2164";"Šmartno pri Litiji";2009;"10"
"2165";"Šmartno pri Litiji";2010;"6"
"2166";"Šmartno pri Litiji";2011;"9"
"2167";"Šmartno pri Litiji";2012;"3"
"2168";"Šmartno pri Litiji";2013;"15"
"2169";"Šmartno pri Litiji";2014;"10"
"2170";"Šmartno pri Litiji";2015;"11"
"2171";"Šmartno pri Litiji";2016;"5"
"2172";"Šoštanj";2016;NA
"2173";"Šoštanj";2006;"17"
"2174";"Šoštanj";2007;"18"
"2175";"Šoštanj";2008;"17"
"2176";"Šoštanj";2009;"19"
"2177";"Šoštanj";2010;"21"
"2178";"Šoštanj";2011;"14"
"2179";"Šoštanj";2012;"21"
"2180";"Šoštanj";2013;"20"
"2181";"Šoštanj";2014;"22"
"2182";"Šoštanj";2015;"24"
"2183";"Šoštanj";2016;"31"
"2184";"Štore";2016;NA
"2185";"Štore";2006;"7"
"2186";"Štore";2007;"6"
"2187";"Štore";2008;"13"
"2188";"Štore";2009;"13"
"2189";"Štore";2010;"14"
"2190";"Štore";2011;"12"
"2191";"Štore";2012;"16"
"2192";"Štore";2013;"17"
"2193";"Štore";2014;"20"
"2194";"Štore";2015;"9"
"2195";"Štore";2016;"8"
"2196";"Tabor";2016;NA
"2197";"Tabor";2006;"4"
"2198";"Tabor";2007;"3"
"2199";"Tabor";2008;"0"
"2200";"Tabor";2009;"z"
"2201";"Tabor";2010;"z"
"2202";"Tabor";2011;"z"
"2203";"Tabor";2012;"z"
"2204";"Tabor";2013;"4"
"2205";"Tabor";2014;"0"
"2206";"Tabor";2015;"3"
"2207";"Tabor";2016;"3"
"2208";"Tišina";2016;NA
"2209";"Tišina";2006;"0"
"2210";"Tišina";2007;"5"
"2211";"Tišina";2008;"16"
"2212";"Tišina";2009;"16"
"2213";"Tišina";2010;"9"
"2214";"Tišina";2011;"7"
"2215";"Tišina";2012;"18"
"2216";"Tišina";2013;"19"
"2217";"Tišina";2014;"15"
"2218";"Tišina";2015;"9"
"2219";"Tišina";2016;"15"
"2220";"Tolmin";2016;NA
"2221";"Tolmin";2006;"31"
"2222";"Tolmin";2007;"33"
"2223";"Tolmin";2008;"22"
"2224";"Tolmin";2009;"16"
"2225";"Tolmin";2010;"23"
"2226";"Tolmin";2011;"27"
"2227";"Tolmin";2012;"20"
"2228";"Tolmin";2013;"34"
"2229";"Tolmin";2014;"24"
"2230";"Tolmin";2015;"26"
"2231";"Tolmin";2016;"19"
"2232";"Trbovlje";2016;NA
"2233";"Trbovlje";2006;"76"
"2234";"Trbovlje";2007;"128"
"2235";"Trbovlje";2008;"102"
"2236";"Trbovlje";2009;"113"
"2237";"Trbovlje";2010;"110"
"2238";"Trbovlje";2011;"94"
"2239";"Trbovlje";2012;"95"
"2240";"Trbovlje";2013;"142"
"2241";"Trbovlje";2014;"102"
"2242";"Trbovlje";2015;"66"
"2243";"Trbovlje";2016;"57"
"2244";"Trebnje";2016;NA
"2245";"Trebnje";2006;"60"
"2246";"Trebnje";2007;"58"
"2247";"Trebnje";2008;"68"
"2248";"Trebnje";2009;"53"
"2249";"Trebnje";2010;"53"
"2250";"Trebnje";2011;"40"
"2251";"Trebnje";2012;"47"
"2252";"Trebnje";2013;"48"
"2253";"Trebnje";2014;"57"
"2254";"Trebnje";2015;"43"
"2255";"Trebnje";2016;"47"
"2256";"Trnovska vas";2016;NA
"2257";"Trnovska vas";2006;"z"
"2258";"Trnovska vas";2007;"6"
"2259";"Trnovska vas";2008;"6"
"2260";"Trnovska vas";2009;"5"
"2261";"Trnovska vas";2010;"z"
"2262";"Trnovska vas";2011;"3"
"2263";"Trnovska vas";2012;"0"
"2264";"Trnovska vas";2013;"z"
"2265";"Trnovska vas";2014;"z"
"2266";"Trnovska vas";2015;"z"
"2267";"Trnovska vas";2016;"3"
"2268";"Trzin";2016;NA
"2269";"Trzin";2006;"9"
"2270";"Trzin";2007;"9"
"2271";"Trzin";2008;"6"
"2272";"Trzin";2009;"8"
"2273";"Trzin";2010;"9"
"2274";"Trzin";2011;"5"
"2275";"Trzin";2012;"4"
"2276";"Trzin";2013;"17"
"2277";"Trzin";2014;"11"
"2278";"Trzin";2015;"5"
"2279";"Trzin";2016;"6"
"2280";"Tržič";2016;NA
"2281";"Tržič";2006;"53"
"2282";"Tržič";2007;"59"
"2283";"Tržič";2008;"64"
"2284";"Tržič";2009;"41"
"2285";"Tržič";2010;"49"
"2286";"Tržič";2011;"45"
"2287";"Tržič";2012;"60"
"2288";"Tržič";2013;"51"
"2289";"Tržič";2014;"59"
"2290";"Tržič";2015;"46"
"2291";"Tržič";2016;"34"
"2292";"Turnišče";2016;NA
"2293";"Turnišče";2006;"8"
"2294";"Turnišče";2007;"15"
"2295";"Turnišče";2008;"14"
"2296";"Turnišče";2009;"8"
"2297";"Turnišče";2010;"10"
"2298";"Turnišče";2011;"10"
"2299";"Turnišče";2012;"26"
"2300";"Turnišče";2013;"35"
"2301";"Turnišče";2014;"24"
"2302";"Turnišče";2015;"14"
"2303";"Turnišče";2016;"18"
"2304";"Velenje";2016;NA
"2305";"Velenje";2006;"156"
"2306";"Velenje";2007;"136"
"2307";"Velenje";2008;"137"
"2308";"Velenje";2009;"145"
"2309";"Velenje";2010;"123"
"2310";"Velenje";2011;"122"
"2311";"Velenje";2012;"128"
"2312";"Velenje";2013;"192"
"2313";"Velenje";2014;"141"
"2314";"Velenje";2015;"101"
"2315";"Velenje";2016;"114"
"2316";"Velika Polana";2016;NA
"2317";"Velika Polana";2006;"3"
"2318";"Velika Polana";2007;"6"
"2319";"Velika Polana";2008;"z"
"2320";"Velika Polana";2009;"5"
"2321";"Velika Polana";2010;"8"
"2322";"Velika Polana";2011;"6"
"2323";"Velika Polana";2012;"7"
"2324";"Velika Polana";2013;"5"
"2325";"Velika Polana";2014;"z"
"2326";"Velika Polana";2015;"6"
"2327";"Velika Polana";2016;"3"
"2328";"Velike Lašče";2016;NA
"2329";"Velike Lašče";2006;"3"
"2330";"Velike Lašče";2007;"7"
"2331";"Velike Lašče";2008;"7"
"2332";"Velike Lašče";2009;"3"
"2333";"Velike Lašče";2010;"8"
"2334";"Velike Lašče";2011;"9"
"2335";"Velike Lašče";2012;"8"
"2336";"Velike Lašče";2013;"15"
"2337";"Velike Lašče";2014;"7"
"2338";"Velike Lašče";2015;"8"
"2339";"Velike Lašče";2016;"12"
"2340";"Veržej";2016;NA
"2341";"Veržej";2006;"z"
"2342";"Veržej";2007;"4"
"2343";"Veržej";2008;"z"
"2344";"Veržej";2009;"z"
"2345";"Veržej";2010;"z"
"2346";"Veržej";2011;"4"
"2347";"Veržej";2012;"z"
"2348";"Veržej";2013;"z"
"2349";"Veržej";2014;"z"
"2350";"Veržej";2015;"4"
"2351";"Veržej";2016;"5"
"2352";"Videm";2016;NA
"2353";"Videm";2006;"z"
"2354";"Videm";2007;"4"
"2355";"Videm";2008;"6"
"2356";"Videm";2009;"3"
"2357";"Videm";2010;"3"
"2358";"Videm";2011;"6"
"2359";"Videm";2012;"13"
"2360";"Videm";2013;"14"
"2361";"Videm";2014;"14"
"2362";"Videm";2015;"24"
"2363";"Videm";2016;"18"
"2364";"Vipava";2016;NA
"2365";"Vipava";2006;"7"
"2366";"Vipava";2007;"12"
"2367";"Vipava";2008;"12"
"2368";"Vipava";2009;"10"
"2369";"Vipava";2010;"5"
"2370";"Vipava";2011;"13"
"2371";"Vipava";2012;"12"
"2372";"Vipava";2013;"13"
"2373";"Vipava";2014;"10"
"2374";"Vipava";2015;"9"
"2375";"Vipava";2016;"7"
"2376";"Vitanje";2016;NA
"2377";"Vitanje";2006;"9"
"2378";"Vitanje";2007;"8"
"2379";"Vitanje";2008;"12"
"2380";"Vitanje";2009;"z"
"2381";"Vitanje";2010;"z"
"2382";"Vitanje";2011;"15"
"2383";"Vitanje";2012;"11"
"2384";"Vitanje";2013;"14"
"2385";"Vitanje";2014;"3"
"2386";"Vitanje";2015;"4"
"2387";"Vitanje";2016;"6"
"2388";"Vodice";2016;NA
"2389";"Vodice";2006;"z"
"2390";"Vodice";2007;"5"
"2391";"Vodice";2008;"5"
"2392";"Vodice";2009;"z"
"2393";"Vodice";2010;"7"
"2394";"Vodice";2011;"7"
"2395";"Vodice";2012;"5"
"2396";"Vodice";2013;"10"
"2397";"Vodice";2014;"9"
"2398";"Vodice";2015;"10"
"2399";"Vodice";2016;"9"
"2400";"Vojnik";2016;NA
"2401";"Vojnik";2006;"18"
"2402";"Vojnik";2007;"12"
"2403";"Vojnik";2008;"17"
"2404";"Vojnik";2009;"26"
"2405";"Vojnik";2010;"31"
"2406";"Vojnik";2011;"16"
"2407";"Vojnik";2012;"18"
"2408";"Vojnik";2013;"20"
"2409";"Vojnik";2014;"37"
"2410";"Vojnik";2015;"23"
"2411";"Vojnik";2016;"13"
"2412";"Vransko";2016;NA
"2413";"Vransko";2006;"3"
"2414";"Vransko";2007;"4"
"2415";"Vransko";2008;"4"
"2416";"Vransko";2009;"5"
"2417";"Vransko";2010;"3"
"2418";"Vransko";2011;"8"
"2419";"Vransko";2012;"4"
"2420";"Vransko";2013;"8"
"2421";"Vransko";2014;"z"
"2422";"Vransko";2015;"7"
"2423";"Vransko";2016;"5"
"2424";"Vrhnika";2016;NA
"2425";"Vrhnika";2006;"55"
"2426";"Vrhnika";2007;"56"
"2427";"Vrhnika";2008;"45"
"2428";"Vrhnika";2009;"32"
"2429";"Vrhnika";2010;"38"
"2430";"Vrhnika";2011;"35"
"2431";"Vrhnika";2012;"19"
"2432";"Vrhnika";2013;"65"
"2433";"Vrhnika";2014;"43"
"2434";"Vrhnika";2015;"48"
"2435";"Vrhnika";2016;"43"
"2436";"Vuzenica";2016;NA
"2437";"Vuzenica";2006;"11"
"2438";"Vuzenica";2007;"3"
"2439";"Vuzenica";2008;"8"
"2440";"Vuzenica";2009;"4"
"2441";"Vuzenica";2010;"12"
"2442";"Vuzenica";2011;"6"
"2443";"Vuzenica";2012;"18"
"2444";"Vuzenica";2013;"11"
"2445";"Vuzenica";2014;"7"
"2446";"Vuzenica";2015;"11"
"2447";"Vuzenica";2016;"7"
"2448";"Zagorje ob Savi";2016;NA
"2449";"Zagorje ob Savi";2006;"41"
"2450";"Zagorje ob Savi";2007;"62"
"2451";"Zagorje ob Savi";2008;"61"
"2452";"Zagorje ob Savi";2009;"53"
"2453";"Zagorje ob Savi";2010;"67"
"2454";"Zagorje ob Savi";2011;"82"
"2455";"Zagorje ob Savi";2012;"57"
"2456";"Zagorje ob Savi";2013;"98"
"2457";"Zagorje ob Savi";2014;"53"
"2458";"Zagorje ob Savi";2015;"41"
"2459";"Zagorje ob Savi";2016;"33"
"2460";"Zavrč";2016;NA
"2461";"Zavrč";2006;"z"
"2462";"Zavrč";2007;"3"
"2463";"Zavrč";2008;"z"
"2464";"Zavrč";2009;"6"
"2465";"Zavrč";2010;"6"
"2466";"Zavrč";2011;"6"
"2467";"Zavrč";2012;"10"
"2468";"Zavrč";2013;"5"
"2469";"Zavrč";2014;"7"
"2470";"Zavrč";2015;"6"
"2471";"Zavrč";2016;"z"
"2472";"Zreče";2016;NA
"2473";"Zreče";2006;"18"
"2474";"Zreče";2007;"18"
"2475";"Zreče";2008;"13"
"2476";"Zreče";2009;"15"
"2477";"Zreče";2010;"25"
"2478";"Zreče";2011;"17"
"2479";"Zreče";2012;"19"
"2480";"Zreče";2013;"19"
"2481";"Zreče";2014;"22"
"2482";"Zreče";2015;"20"
"2483";"Zreče";2016;"17"
"2484";"Žalec";2016;NA
"2485";"Žalec";2006;"82"
"2486";"Žalec";2007;"85"
"2487";"Žalec";2008;"81"
"2488";"Žalec";2009;"90"
"2489";"Žalec";2010;"88"
"2490";"Žalec";2011;"70"
"2491";"Žalec";2012;"66"
"2492";"Žalec";2013;"130"
"2493";"Žalec";2014;"92"
"2494";"Žalec";2015;"83"
"2495";"Žalec";2016;"59"
"2496";"Železniki";2016;NA
"2497";"Železniki";2006;"10"
"2498";"Železniki";2007;"12"
"2499";"Železniki";2008;"10"
"2500";"Železniki";2009;"5"
"2501";"Železniki";2010;"8"
"2502";"Železniki";2011;"5"
"2503";"Železniki";2012;"10"
"2504";"Železniki";2013;"21"
"2505";"Železniki";2014;"21"
"2506";"Železniki";2015;"11"
"2507";"Železniki";2016;"11"
"2508";"Žetale";2016;NA
"2509";"Žetale";2006;"3"
"2510";"Žetale";2007;"z"
"2511";"Žetale";2008;"3"
"2512";"Žetale";2009;"7"
"2513";"Žetale";2010;"z"
"2514";"Žetale";2011;"3"
"2515";"Žetale";2012;"7"
"2516";"Žetale";2013;"4"
"2517";"Žetale";2014;"5"
"2518";"Žetale";2015;"3"
"2519";"Žetale";2016;"3"
"2520";"Žiri";2016;NA
"2521";"Žiri";2006;"6"
"2522";"Žiri";2007;"8"
"2523";"Žiri";2008;"10"
"2524";"Žiri";2009;"5"
"2525";"Žiri";2010;"z"
"2526";"Žiri";2011;"5"
"2527";"Žiri";2012;"4"
"2528";"Žiri";2013;"9"
"2529";"Žiri";2014;"4"
"2530";"Žiri";2015;"9"
"2531";"Žiri";2016;"4"
"2532";"Žirovnica";2016;NA
"2533";"Žirovnica";2006;"10"
"2534";"Žirovnica";2007;"5"
"2535";"Žirovnica";2008;"11"
"2536";"Žirovnica";2009;"8"
"2537";"Žirovnica";2010;"7"
"2538";"Žirovnica";2011;"8"
"2539";"Žirovnica";2012;"7"
"2540";"Žirovnica";2013;"5"
"2541";"Žirovnica";2014;"6"
"2542";"Žirovnica";2015;"5"
"2543";"Žirovnica";2016;"8"
"2544";"Žužemberk";2016;NA
"2545";"Žužemberk";2006;"3"
"2546";"Žužemberk";2007;"12"
"2547";"Žužemberk";2008;"13"
"2548";"Žužemberk";2009;"5"
"2549";"Žužemberk";2010;"6"
"2550";"Žužemberk";2011;"11"
"2551";"Žužemberk";2012;"8"
"2552";"Žužemberk";2013;"9"
"2553";"Žužemberk";2014;"14"
"2554";"Žužemberk";2015;"10"
"2555";"Žužemberk";2016;"8"
"2556";"Tujina";2016;NA
"2557";"Tujina";2006;"536"
"2558";"Tujina";2007;"759"
"2559";"Tujina";2008;"790"
"2560";"Tujina";2009;"811"
"2561";"Tujina";2010;"824"
"2562";"Tujina";2011;"774"
"2563";"Tujina";2012;"938"
"2564";"Tujina";2013;"1132"
"2565";"Tujina";2014;"987"
"2566";"Tujina";2015;"855"
"2567";"Tujina";2016;"624"
